"SalePrice","BsmtFinSF1","GarageCars","YearBuilt","OpenPorchSF","WoodDeckSF","YearRemodAdd","HouseStyle","BsmtFinType2","Foundation","RoofStyle","Exterior1st","LandSlope"
223500,486,2,2001,42,0,2002,"2Story","Unf","PConc","Gable","VinylSd","Gtl"
140000,216,3,1915,35,0,1970,"2Story","Unf","BrkTil","Gable","Wd Sdng","Gtl"
250000,655,3,2000,84,192,2000,"2Story","Unf","PConc","Gable","VinylSd","Gtl"
2e+05,859,2,1973,204,235,1973,"2Story","Other","CBlock","Gable","HdBoard","Gtl"
129500,906,1,1965,0,0,1965,"1Story","Unf","CBlock","Hip","HdBoard","Gtl"
345000,998,3,2005,21,147,2006,"2Story","Unf","PConc","Hip","Other","Gtl"
144000,737,1,1962,0,140,1962,"1Story","Unf","CBlock","Hip","HdBoard","Gtl"
157000,733,1,1960,213,0,1960,"1Story","Unf","CBlock","Hip","MetalSd","Gtl"
132000,0,2,1929,112,48,2001,"Other","Unf","BrkTil","Gable","Wd Sdng","Gtl"
149000,578,2,1970,0,0,1970,"1Story","Unf","CBlock","Gable","Wd Sdng","Gtl"
90000,0,2,1967,0,0,1967,"1Story","Other","Other","Gable","MetalSd","Gtl"
159000,646,2,2004,102,0,2004,"1Story","Unf","PConc","Gable","VinylSd","Gtl"
325300,0,3,2005,154,240,2006,"2Story","Unf","PConc","Gable","VinylSd","Gtl"
139400,0,1,1930,0,0,1950,"Other","Unf","PConc","Gable","Wd Sdng","Gtl"
230000,0,2,2002,159,171,2002,"1Story","Unf","PConc","Hip","VinylSd","Gtl"
129900,840,2,1976,110,100,1976,"1Story","Unf","PConc","Gable","CemntBd","Gtl"
154000,188,1,1968,90,406,2001,"1Story","Other","CBlock","Gable","Plywood","Gtl"
306000,1218,3,2007,50,0,2008,"1Story","Unf","PConc","Gable","VinylSd","Gtl"
207500,1277,1,1957,258,288,1997,"1Story","Unf","CBlock","Gable","MetalSd","Gtl"
40000,0,1,1920,54,0,1950,"2Story","Unf","BrkTil","Other","BrkFace","Gtl"
149350,0,1,1966,65,0,2006,"1Story","Unf","CBlock","Gable","HdBoard","Gtl"
179900,0,2,2007,30,0,2007,"1Story","Unf","PConc","Gable","VinylSd","Gtl"
165500,1018,2,1959,38,0,1959,"1Story","Unf","CBlock","Hip","BrkFace","Gtl"
309000,0,3,2004,32,113,2005,"2Story","Unf","PConc","Gable","VinylSd","Gtl"
144000,747,2,1983,0,240,1983,"Other","Other","CBlock","Gable","HdBoard","Gtl"
130250,280,1,1975,0,145,1980,"1Story","Other","CBlock","Hip","VinylSd","Gtl"
319900,456,2,2005,82,196,2005,"1Story","Unf","PConc","Hip","MetalSd","Gtl"
239686,1351,2,2003,43,168,2003,"1.5Fin","Unf","PConc","Gable","VinylSd","Gtl"
249700,24,3,2006,146,0,2006,"1Story","Unf","PConc","Gable","VinylSd","Gtl"
127000,763,1,1966,0,0,1966,"1Story","Unf","CBlock","Gable","HdBoard","Gtl"
385000,1810,3,1981,72,857,1987,"1Story","Unf","CBlock","Gable","Other","Gtl"
130000,384,2,1955,50,0,1955,"SLvl","Unf","CBlock","Gable","MetalSd","ModOrSev"
180500,490,2,1964,0,0,1964,"1Story","Unf","CBlock","Gable","HdBoard","Gtl"
172500,649,2,1999,0,115,2000,"2Story","Unf","PConc","Gable","MetalSd","Gtl"
196500,0,2,2004,70,0,2004,"2Story","Unf","PConc","Gable","VinylSd","Gtl"
438780,0,3,2006,0,192,2006,"2Story","Unf","PConc","Hip","VinylSd","Gtl"
124900,632,1,1972,0,196,1972,"1Story","Unf","CBlock","Gable","HdBoard","Gtl"
158000,941,2,2004,50,0,2004,"1Story","Unf","PConc","Gable","VinylSd","Gtl"
101000,0,1,1920,0,0,1996,"Other","Unf","BrkTil","Gable","MetalSd","Gtl"
202500,24,2,2006,49,120,2006,"1Story","Unf","PConc","Gable","VinylSd","Gtl"
140000,0,2,1921,11,12,1950,"2Story","Unf","BrkTil","Gable","Other","Gtl"
317000,0,3,2004,151,192,2005,"2Story","Unf","PConc","Gable","VinylSd","Gtl"
180000,912,2,1970,0,301,1989,"1Story","Unf","CBlock","Gable","Plywood","Gtl"
80000,0,1,1945,0,0,1950,"1Story","Unf","CBlock","Gable","MetalSd","Gtl"
225000,603,2,1953,21,0,1953,"1.5Fin","Unf","CBlock","Gable","BrkFace","Gtl"
244000,1880,2,1973,0,300,1973,"1Story","Unf","CBlock","Gable","Plywood","Gtl"
129500,565,2,1982,0,0,2006,"1Story","Unf","CBlock","Gable","HdBoard","Gtl"
185000,0,2,1998,94,0,1998,"2Story","Unf","PConc","Gable","VinylSd","Gtl"
107400,0,1,1915,0,0,1950,"2Story","Unf","CBlock","Other","VinylSd","Gtl"
91000,462,1,1973,101,120,1973,"SLvl","Unf","CBlock","Gable","CemntBd","Gtl"
135750,228,1,1956,0,0,1956,"1Story","Unf","CBlock","Gable","VinylSd","Gtl"
127000,336,1,1948,0,0,2001,"1.5Fin","Other","CBlock","Gable","Wd Sdng","Gtl"
110000,0,2,1910,0,74,1981,"2Story","Unf","PConc","Gable","Wd Sdng","Gtl"
153500,1201,2,1998,199,0,1998,"1Story","Unf","PConc","Hip","VinylSd","Gtl"
245000,33,3,2007,99,144,2007,"1Story","Unf","PConc","Gable","VinylSd","Gtl"
126500,0,2,1960,0,74,1960,"1Story","Unf","CBlock","Gable","MetalSd","Gtl"
168500,0,2,1995,72,120,1996,"SLvl","Unf","PConc","Gable","HdBoard","Gtl"
260000,0,2,1991,82,127,1992,"2Story","Unf","CBlock","Hip","HdBoard","Gtl"
174000,0,2,2005,38,100,2005,"2Story","Unf","PConc","Gable","VinylSd","Gtl"
109900,0,2,1950,29,0,1950,"1Story","Other","Other","Gable","BrkFace","Gtl"
98600,600,2,1961,0,0,1961,"1Story","Unf","CBlock","Hip","HdBoard","Gtl"
163500,713,2,1921,0,0,2006,"1Story","Unf","BrkTil","Gable","Wd Sdng","Gtl"
133900,1046,2,1910,0,0,1998,"Other","Unf","BrkTil","Hip","MetalSd","Gtl"
204750,648,2,1997,162,0,1997,"2Story","Unf","PConc","Gable","VinylSd","Gtl"
214000,1162,2,1999,29,158,1999,"1Story","Unf","PConc","Gable","VinylSd","Gtl"
83000,108,1,1920,0,0,1950,"1Story","Unf","BrkTil","Gable","Wd Sdng","Gtl"
205000,1200,2,1977,68,168,2001,"1Story","Unf","PConc","Gable","Plywood","Gtl"
178000,0,2,1985,46,192,1985,"2Story","Unf","CBlock","Gable","HdBoard","Gtl"
118964,0,2,1979,0,0,1979,"1Story","Other","Other","Gable","HdBoard","Gtl"
198900,0,3,2009,36,0,2009,"1Story","Unf","PConc","Gable","VinylSd","Gtl"
250000,0,2,2003,45,140,2004,"2Story","Unf","PConc","Hip","VinylSd","Gtl"
115000,104,1,1948,0,0,1950,"1Story","Other","CBlock","Gable","VinylSd","Gtl"
190000,705,2,1977,122,0,1977,"1Story","Unf","CBlock","Hip","Plywood","Gtl"
180000,250,2,2000,0,180,2000,"SLvl","Unf","PConc","Gable","VinylSd","Gtl"
383970,984,3,2007,184,120,2007,"2Story","Unf","PConc","Gable","VinylSd","Gtl"
217000,35,2,1953,120,166,1953,"1Story","Other","CBlock","Hip","Wd Sdng","Gtl"
176000,419,2,1999,32,0,1999,"2Story","Unf","PConc","Gable","MetalSd","Gtl"
139000,170,1,1962,20,0,1962,"1Story","Other","CBlock","Gable","Wd Sdng","Gtl"
155000,0,2,2006,64,80,2007,"1Story","Unf","PConc","Gable","VinylSd","Gtl"
320000,1470,3,1990,0,367,1990,"2Story","Unf","PConc","Hip","Plywood","Gtl"
163990,0,2,2005,24,0,2006,"2Story","Unf","PConc","Gable","VinylSd","Gtl"
1e+05,0,1,1939,0,0,1950,"1.5Fin","Unf","PConc","Gable","Other","Gtl"
136000,570,1,1958,0,0,1958,"1Story","Unf","CBlock","Hip","MetalSd","Gtl"
181000,0,2,1979,0,192,1998,"1Story","Unf","CBlock","Gable","HdBoard","Gtl"
128000,120,2,1976,205,0,1976,"1Story","Unf","CBlock","Gable","Plywood","Gtl"
150000,567,2,1958,80,0,1991,"1Story","Other","CBlock","Gable","Plywood","Gtl"
226000,445,2,1966,66,105,1966,"2Story","Unf","CBlock","Gable","MetalSd","Gtl"
244000,695,2,2000,48,24,2000,"2Story","Unf","PConc","Gable","VinylSd","Gtl"
150750,405,2,1959,0,0,2002,"1Story","Unf","CBlock","Gable","MetalSd","Gtl"
220000,1005,2,2001,25,192,2002,"1Story","Unf","PConc","Gable","VinylSd","Gtl"
180000,570,2,1968,96,0,1993,"1Story","Unf","CBlock","Gable","Plywood","Gtl"
174000,0,2,1970,0,98,1970,"1Story","Unf","PConc","Hip","Plywood","Gtl"
143000,695,1,1967,111,0,1967,"1Story","Unf","CBlock","Gable","MetalSd","Gtl"
171000,0,3,1988,0,0,1989,"1Story","Unf","CBlock","Gable","VinylSd","Gtl"
231500,821,2,1997,99,276,1997,"2Story","Unf","PConc","Gable","VinylSd","Gtl"
260000,1300,2,2005,24,160,2005,"1Story","Unf","PConc","Gable","VinylSd","Gtl"
130000,0,2,2004,40,0,2006,"2Story","Unf","PConc","Gable","VinylSd","Gtl"
105000,209,1,1931,0,48,1993,"1Story","Unf","BrkTil","Gable","Wd Sdng","Gtl"
222500,0,2,2001,48,144,2001,"2Story","Unf","PConc","Gable","VinylSd","Gtl"
115000,0,1,1936,114,200,1950,"1.5Fin","Unf","BrkTil","Gable","MetalSd","Gtl"
122000,716,2,1975,0,0,1975,"1Story","Unf","CBlock","Gable","HdBoard","Gtl"
372402,1400,3,2007,102,0,2008,"1Story","Unf","PConc","Hip","VinylSd","Gtl"
190000,416,2,1971,66,0,1971,"2Story","Unf","CBlock","Gable","HdBoard","Gtl"
235000,429,2,1960,0,409,1975,"1Story","Other","CBlock","Other","BrkFace","Gtl"
125000,0,1,1923,0,0,1950,"1Story","Unf","BrkTil","Gable","Wd Sdng","Gtl"
269500,0,3,2009,75,0,2010,"2Story","Unf","PConc","Gable","VinylSd","Gtl"
254900,222,2,2004,136,0,2005,"2Story","Unf","PConc","Gable","VinylSd","Gtl"
320000,57,2,2005,132,239,2006,"2Story","Unf","PConc","Gable","VinylSd","Gtl"
162500,660,2,1984,0,0,1984,"1Story","Unf","PConc","Gable","Plywood","Gtl"
220000,1201,2,2005,70,0,2005,"1Story","Unf","PConc","Gable","VinylSd","Gtl"
152000,370,1,1926,0,0,2004,"1Story","Unf","BrkTil","Gable","MetalSd","Gtl"
190000,379,1,1955,0,476,1993,"1Story","Other","CBlock","Hip","Wd Sdng","Gtl"
228000,0,2,1981,64,574,1981,"1Story","Unf","CBlock","Hip","Plywood","Gtl"
128500,360,2,1941,0,237,1950,"1.5Fin","Unf","CBlock","Gable","MetalSd","Gtl"
239000,495,2,1987,35,441,1987,"2Story","Other","PConc","Gable","HdBoard","Gtl"
163000,288,2,1961,20,0,1961,"1Story","Other","CBlock","Gable","Other","Gtl"
184000,1398,2,1986,0,192,1986,"1Story","Other","CBlock","Gable","VinylSd","Gtl"
211000,831,2,1988,228,0,1989,"2Story","Unf","PConc","Gable","Plywood","Gtl"
172500,57,2,1958,0,0,1958,"1.5Fin","Other","CBlock","Gable","MetalSd","Gtl"
501837,1904,3,2008,60,0,2009,"1Story","Unf","PConc","Hip","VinylSd","Gtl"
1e+05,0,2,1923,0,0,2006,"1Story","Unf","CBlock","Gable","Wd Sdng","Gtl"
200100,352,1,1920,0,0,1950,"2Story","Unf","BrkTil","Gable","Other","Gtl"
120000,0,1,1957,0,116,2006,"1Story","Other","PConc","Hip","Wd Sdng","Gtl"
475000,0,3,1892,260,0,1993,"Other","Unf","BrkTil","Gable","Wd Sdng","Gtl"
173000,611,2,1990,27,168,1991,"SLvl","Unf","PConc","Gable","HdBoard","Gtl"
135000,0,1,1916,0,0,1987,"1.5Fin","Unf","CBlock","Gable","HdBoard","Gtl"
286000,1153,2,2001,120,0,2002,"1Story","Unf","PConc","Gable","CemntBd","Gtl"
315000,297,2,1932,74,0,1994,"2Story","Unf","CBlock","Hip","BrkFace","ModOrSev"
184000,626,2,1972,32,0,2004,"2Story","Unf","CBlock","Gable","HdBoard","Gtl"
192000,560,2,1999,35,0,1999,"1Story","Unf","PConc","Gable","VinylSd","Gtl"
130000,0,2,2004,40,0,2004,"2Story","Unf","PConc","Gable","VinylSd","Gtl"
127000,390,1,1972,0,0,1972,"1Story","Unf","CBlock","Hip","HdBoard","Gtl"
148500,566,2,1976,0,87,1976,"2Story","Unf","CBlock","Gable","Plywood","Gtl"
235000,1036,2,1918,16,0,1990,"2Story","Other","PConc","Gable","Other","Gtl"
274900,1088,3,2004,26,0,2005,"1Story","Unf","PConc","Hip","VinylSd","Gtl"
140000,0,2,2003,64,132,2004,"1Story","Unf","PConc","Gable","VinylSd","Gtl"
112000,617,1,1924,0,0,1950,"1.5Fin","Unf","BrkTil","Gable","MetalSd","Gtl"
180500,0,2,1990,34,0,1990,"1Story","Unf","PConc","Gable","HdBoard","Gtl"
141000,419,1,1960,0,355,1960,"1Story","Other","PConc","Gable","Wd Sdng","Gtl"
277000,1065,2,1988,55,60,1989,"2Story","Unf","CBlock","Gable","Plywood","ModOrSev"
145000,787,2,1964,0,0,1964,"1Story","Unf","CBlock","Hip","HdBoard","Gtl"
186000,36,2,2009,22,100,2009,"1Story","Unf","PConc","Gable","VinylSd","Gtl"
252678,822,2,2009,108,168,2009,"2Story","Unf","PConc","Gable","VinylSd","Gtl"
156000,716,2,1995,0,224,1995,"1Story","Unf","PConc","Gable","VinylSd","Gtl"
161750,378,1,1977,36,0,1977,"2Story","Unf","CBlock","Gable","HdBoard","Gtl"
134450,360,1,1957,0,0,1996,"1Story","Unf","CBlock","Gable","HdBoard","Gtl"
107000,0,1,1925,172,0,1950,"2Story","Unf","CBlock","Gable","MetalSd","Gtl"
311500,341,2,1939,119,0,2006,"1.5Fin","Unf","CBlock","Gable","VinylSd","Gtl"
167240,16,2,2005,0,108,2006,"1Story","Unf","PConc","Gable","VinylSd","Gtl"
204900,0,2,2006,33,351,2006,"1Story","Unf","PConc","Gable","VinylSd","Gtl"
2e+05,0,2,2002,46,120,2002,"2Story","Unf","PConc","Gable","VinylSd","Gtl"
179900,550,2,1975,208,209,1975,"2Story","Unf","CBlock","Gable","VinylSd","Gtl"
97000,524,2,1971,0,216,1971,"1Story","Other","CBlock","Gable","HdBoard","Gtl"
386250,56,3,2003,105,248,2003,"1Story","Unf","PConc","Hip","VinylSd","Gtl"
112000,0,1,1971,0,0,1971,"2Story","Unf","CBlock","Gable","HdBoard","Gtl"
290000,565,3,1995,114,224,1995,"2Story","Unf","PConc","Gable","VinylSd","Gtl"
106000,321,1,1970,0,0,1970,"2Story","Unf","CBlock","Gable","HdBoard","Gtl"
125000,842,1,1967,0,0,1967,"1Story","Unf","CBlock","Gable","HdBoard","Gtl"
148000,0,1,1959,0,0,1959,"1Story","Unf","CBlock","Hip","MetalSd","Gtl"
403000,689,3,1995,146,0,1996,"2Story","Unf","PConc","Gable","VinylSd","Gtl"
89500,358,1,1971,0,0,1971,"2Story","Unf","CBlock","Gable","HdBoard","Gtl"
194500,402,2,1993,70,370,2003,"2Story","Unf","PConc","Gable","HdBoard","Gtl"
318000,0,3,2007,228,168,2007,"1Story","Unf","PConc","Hip","VinylSd","Gtl"
113000,94,1,1945,140,0,1950,"1.5Fin","Unf","CBlock","Gable","VinylSd","Gtl"
79000,0,1,1900,0,0,1950,"1.5Fin","Unf","BrkTil","Gable","Wd Sdng","Gtl"
205000,695,2,1994,130,0,2002,"2Story","Unf","PConc","Gable","VinylSd","Gtl"
241500,929,2,1988,39,197,1988,"1Story","Unf","CBlock","Gable","Wd Sdng","Gtl"
137000,0,1,1910,60,0,1950,"2Story","Unf","Other","Gable","Other","Gtl"
180000,0,2,2003,68,144,2003,"2Story","Unf","PConc","Gable","VinylSd","Gtl"
277000,697,2,1958,98,0,2006,"1.5Fin","Unf","CBlock","Gable","Wd Sdng","ModOrSev"
235000,1573,2,2006,0,123,2007,"1Story","Unf","PConc","Hip","VinylSd","ModOrSev"
173000,0,2,2004,45,138,2004,"2Story","Unf","PConc","Gable","VinylSd","Gtl"
158000,270,1,1964,0,333,1991,"SLvl","Other","CBlock","Hip","HdBoard","Gtl"
145000,922,1,1957,0,250,1957,"1Story","Unf","CBlock","Gable","MetalSd","Gtl"
230000,0,2,1999,0,192,1999,"2Story","Unf","PConc","Gable","VinylSd","Gtl"
207500,503,2,2003,56,216,2003,"2Story","Unf","PConc","Gable","VinylSd","Gtl"
220000,1334,2,2006,110,123,2006,"1Story","Unf","PConc","Gable","VinylSd","Gtl"
231500,361,2,2001,96,0,2001,"2Story","Unf","PConc","Gable","VinylSd","Gtl"
176000,672,2,1962,0,0,1962,"SLvl","Other","CBlock","Gable","Wd Sdng","Gtl"
276000,0,3,2007,148,0,2007,"2Story","Unf","PConc","Gable","CemntBd","Gtl"
151000,506,2,1977,12,292,1995,"SLvl","Unf","CBlock","Gable","HdBoard","Gtl"
130000,234,2,1929,0,0,2001,"1.5Fin","Other","BrkTil","Gable","Wd Sdng","Gtl"
73000,0,2,1925,0,0,2004,"1Story","Unf","BrkTil","Gable","Wd Sdng","Gtl"
179500,378,1,1939,24,262,1997,"Other","Unf","PConc","Gable","Wd Sdng","ModOrSev"
120500,403,1,1940,25,0,1955,"1Story","Other","CBlock","Gable","VinylSd","Gtl"
148000,751,1,1976,30,370,1976,"1Story","Unf","CBlock","Hip","HdBoard","Gtl"
266000,0,3,2006,51,192,2006,"2Story","Unf","PConc","Gable","VinylSd","Gtl"
241500,226,2,1954,0,81,2005,"1Story","Other","CBlock","Other","Plywood","ModOrSev"
290000,524,3,1999,57,132,2007,"2Story","Unf","PConc","Gable","VinylSd","Gtl"
139000,620,1,1958,0,289,1988,"1Story","Other","CBlock","Hip","Wd Sdng","Gtl"
124500,546,1,1982,0,168,1982,"1Story","Unf","CBlock","Gable","HdBoard","Gtl"
205000,0,2,1925,0,74,2007,"1.5Fin","Unf","BrkTil","Gable","Wd Sdng","Gtl"
141000,120,2,1951,0,0,1951,"1Story","Unf","CBlock","Gable","VinylSd","Gtl"
415298,0,3,2006,98,124,2007,"1Story","Unf","PConc","Gable","CemntBd","Gtl"
192000,392,2,1977,117,288,1977,"2Story","Unf","CBlock","Hip","Plywood","Gtl"
228500,421,2,1989,84,0,1989,"2Story","Unf","CBlock","Gable","Plywood","Gtl"
207500,904,2,2007,62,172,2008,"1Story","Unf","PConc","Gable","VinylSd","Gtl"
244600,0,3,2008,150,210,2009,"1Story","Unf","PConc","Gable","VinylSd","Gtl"
179200,430,2,1992,0,0,1992,"1Story","Unf","PConc","Gable","Plywood","Gtl"
164700,0,2,2006,54,0,2007,"2Story","Unf","PConc","Gable","MetalSd","Gtl"
159000,600,2,1962,0,0,1981,"1.5Fin","Unf","CBlock","Gable","Wd Sdng","Gtl"
122000,450,1,1967,0,0,1967,"1Story","Unf","CBlock","Gable","MetalSd","Gtl"
233230,0,2,2006,51,0,2006,"2Story","Unf","PConc","Gable","VinylSd","Gtl"
131000,292,1,1949,0,0,2008,"1.5Fin","Unf","CBlock","Gable","Wd Sdng","Gtl"
235000,795,2,1977,250,0,1994,"2Story","Unf","CBlock","Gable","Plywood","Gtl"
167000,1285,2,1953,0,110,1953,"1Story","Unf","CBlock","Hip","HdBoard","Gtl"
142500,819,2,1984,0,120,1984,"SLvl","Unf","CBlock","Gable","HdBoard","Gtl"
175000,384,2,1968,0,224,1968,"2Story","Other","CBlock","Other","HdBoard","Gtl"
158500,0,1,1950,36,0,2004,"1Story","Unf","CBlock","Gable","HdBoard","Gtl"
157000,841,1,1953,0,0,1953,"1Story","Unf","CBlock","Hip","MetalSd","Gtl"
205000,0,3,2001,81,468,2002,"1Story","Unf","PConc","Gable","VinylSd","Gtl"
295000,0,3,1880,0,302,2002,"Other","Unf","BrkTil","Gable","CemntBd","Gtl"
225000,700,3,1990,44,127,1991,"2Story","Unf","CBlock","Gable","HdBoard","Gtl"
82500,262,2,1940,0,158,1950,"1Story","Unf","CBlock","Gable","VinylSd","Gtl"
360000,1274,3,2003,175,208,2004,"1Story","Unf","PConc","Gable","VinylSd","Gtl"
165600,518,2,1993,63,190,1994,"2Story","Unf","PConc","Gable","HdBoard","Gtl"
119900,507,2,1939,0,0,1950,"1.5Fin","Unf","CBlock","Gable","MetalSd","Gtl"
375000,1236,2,1965,0,0,1965,"1Story","Other","CBlock","Hip","BrkFace","ModOrSev"
178000,16,2,1925,0,0,1990,"2Story","Unf","BrkTil","Gable","Wd Sdng","Gtl"
188500,425,2,2004,51,100,2005,"2Story","Unf","PConc","Gable","VinylSd","Gtl"
260000,692,2,1980,195,288,1980,"2Story","Unf","CBlock","Gable","CemntBd","Gtl"
270000,0,3,2006,46,208,2006,"2Story","Unf","PConc","Gable","VinylSd","Gtl"
187500,1036,2,1980,48,233,1980,"SLvl","Unf","CBlock","Gable","Plywood","Gtl"
342643,0,3,2006,154,240,2006,"2Story","Unf","PConc","Gable","VinylSd","Gtl"
354000,970,3,2004,154,184,2004,"2Story","Unf","PConc","Gable","VinylSd","Gtl"
301000,28,2,1986,96,201,1987,"2Story","Other","CBlock","Gable","Plywood","Gtl"
126175,256,1,1955,98,142,2005,"1Story","Unf","CBlock","Gable","VinylSd","Gtl"
242000,0,2,1967,0,240,2007,"SLvl","Unf","CBlock","Other","Wd Sdng","Gtl"
87000,116,2,1941,0,0,1950,"Other","Unf","CBlock","Gable","MetalSd","Gtl"
78000,0,1,1920,0,0,1950,"2Story","Unf","PConc","Gable","Wd Sdng","Gtl"
119000,40,1,1964,0,155,1964,"1Story","Other","CBlock","Gable","HdBoard","Gtl"
192000,828,2,1998,38,100,1998,"2Story","Unf","PConc","Gable","VinylSd","Gtl"
228950,1249,2,1965,0,670,1965,"1.5Fin","Other","CBlock","Gable","Plywood","ModOrSev"
377426,1249,3,2005,51,178,2006,"1Story","Unf","PConc","Hip","VinylSd","Gtl"
214000,810,2,2002,74,192,2003,"1Story","Unf","PConc","Gable","VinylSd","Gtl"
155000,585,1,1958,0,0,1998,"1Story","Unf","CBlock","Hip","Wd Sdng","Gtl"
202900,0,2,2002,0,135,2002,"2Story","Unf","PConc","Gable","VinylSd","Gtl"
82000,0,1,1950,0,250,1950,"1Story","Unf","CBlock","Gable","Wd Sdng","Gtl"
87500,0,2,1949,0,0,1950,"1Story","Other","Other","Gable","Other","Gtl"
85000,129,1,1976,0,182,1976,"2Story","Other","CBlock","Gable","CemntBd","Gtl"
151500,498,1,1960,0,0,1998,"1Story","Unf","CBlock","Hip","MetalSd","Gtl"
157500,1270,2,1960,40,0,1960,"1Story","Unf","CBlock","Gable","Wd Sdng","Gtl"
154000,573,2,2003,27,0,2004,"2Story","Unf","PConc","Gable","VinylSd","Gtl"
318061,0,2,2007,54,210,2007,"1Story","Unf","PConc","Hip","MetalSd","Gtl"
190000,1082,2,1986,80,0,1986,"1Story","Unf","PConc","Gable","Wd Sdng","ModOrSev"
95000,236,1,1941,0,48,1950,"1.5Fin","Other","CBlock","Gable","VinylSd","Gtl"
140000,388,1,1940,0,0,2000,"1.5Fin","Unf","CBlock","Gable","Wd Sdng","Gtl"
173000,560,2,1992,26,120,1992,"1Story","Unf","PConc","Gable","HdBoard","Gtl"
134000,874,2,1976,90,536,1976,"1Story","Unf","PConc","Gable","CemntBd","Gtl"
280000,956,2,1998,75,208,1998,"2Story","Unf","PConc","Gable","VinylSd","Gtl"
156000,773,2,1978,0,0,1978,"Other","Unf","CBlock","Gable","VinylSd","Gtl"
198500,0,2,2003,0,0,2003,"Other","Other","Other","Gable","HdBoard","Gtl"
118000,162,1,1972,0,250,2007,"2Story","Unf","CBlock","Gable","HdBoard","Gtl"
190000,712,2,1976,111,306,1976,"2Story","Unf","PConc","Gable","HdBoard","Gtl"
147000,456,1,1920,128,0,1997,"2Story","Unf","CBlock","Hip","VinylSd","Gtl"
159000,609,2,1963,76,0,1963,"1Story","Unf","CBlock","Gable","Plywood","Gtl"
165000,371,1,1962,110,64,1962,"SLvl","Unf","CBlock","Gable","Plywood","Gtl"
132000,540,1,1954,98,0,1954,"1Story","Unf","PConc","Gable","HdBoard","Gtl"
162000,72,2,1959,17,364,2006,"1Story","Other","CBlock","Gable","Wd Sdng","Gtl"
172400,0,2,2000,40,100,2000,"2Story","Unf","PConc","Gable","VinylSd","Gtl"
134432,0,2,1959,59,0,1959,"1.5Fin","Other","CBlock","Gable","Other","Gtl"
125000,623,1,1984,0,353,1984,"1Story","Other","CBlock","Gable","Plywood","Gtl"
123000,428,1,1953,0,66,1953,"1Story","Other","PConc","Gable","MetalSd","Gtl"
219500,0,2,2003,48,100,2004,"2Story","Unf","PConc","Gable","VinylSd","Gtl"
148000,298,2,1996,0,0,1996,"Other","Unf","PConc","Gable","VinylSd","Gtl"
340000,0,2,2004,214,159,2005,"2Story","Unf","PConc","Gable","CemntBd","Gtl"
394432,1445,3,2010,0,113,2010,"1Story","Unf","PConc","Hip","VinylSd","Gtl"
179000,0,2,2000,63,100,2000,"2Story","Unf","PConc","Gable","VinylSd","Gtl"
213500,0,2,2006,53,144,2006,"2Story","Unf","PConc","Gable","VinylSd","Gtl"
240000,985,2,1992,231,216,1992,"2Story","Unf","PConc","Gable","HdBoard","ModOrSev"
125000,631,1,1976,0,296,1976,"SLvl","Unf","CBlock","Hip","MetalSd","Gtl"
191000,0,2,1999,25,120,2000,"1Story","Unf","PConc","Gable","VinylSd","Gtl"
426000,1280,3,2007,134,196,2008,"2Story","Unf","PConc","Gable","VinylSd","Gtl"
215000,690,2,2001,192,125,2002,"2Story","Unf","PConc","Gable","VinylSd","Gtl"
106500,0,1,1959,0,0,1959,"1Story","Other","Other","Gable","MetalSd","Gtl"
109000,0,1,1940,39,0,1950,"1.5Fin","Unf","CBlock","Gable","MetalSd","Gtl"
129000,739,1,1956,0,44,1956,"1Story","Unf","CBlock","Gable","Wd Sdng","Gtl"
123000,777,2,1972,0,215,1972,"1Story","Unf","CBlock","Hip","MetalSd","Gtl"
169500,540,1,1962,168,0,1962,"2Story","Unf","CBlock","Gable","VinylSd","Gtl"
241000,812,2,2006,168,0,2007,"2Story","Unf","PConc","Gable","CemntBd","Gtl"
245500,786,2,1996,30,120,1996,"1Story","Unf","PConc","Gable","BrkFace","Gtl"
164990,24,2,2005,0,0,2005,"1Story","Unf","PConc","Gable","VinylSd","Gtl"
108000,0,1,1940,0,168,1997,"1Story","Unf","PConc","Gable","Wd Sdng","Gtl"
258000,0,2,1998,123,144,1998,"2Story","Unf","PConc","Hip","VinylSd","Gtl"
168000,0,2,1995,40,0,1996,"2Story","Unf","PConc","Gable","MetalSd","Gtl"
150000,1116,2,1976,78,120,1993,"1Story","Unf","CBlock","Gable","Plywood","Gtl"
115000,0,1,1936,0,0,1950,"1.5Fin","Unf","BrkTil","Gable","MetalSd","Gtl"
177000,0,1,1915,0,0,1976,"2Story","Unf","BrkTil","Gable","Wd Sdng","Gtl"
145000,1056,2,1955,0,264,1955,"1Story","Unf","CBlock","Hip","Wd Sdng","Gtl"
222000,578,2,2009,144,0,2009,"1Story","Unf","PConc","Gable","MetalSd","Gtl"
115000,0,2,1927,0,0,1950,"1Story","Unf","CBlock","Gable","Other","Gtl"
181134,24,2,2007,30,100,2007,"1Story","Unf","PConc","Gable","VinylSd","Gtl"
149500,209,2,1978,0,0,1978,"2Story","Unf","CBlock","Hip","HdBoard","Gtl"
239000,1128,3,1918,0,0,1950,"2Story","Unf","BrkTil","Hip","Wd Sdng","Gtl"
142000,775,1,1968,85,0,1968,"1Story","Unf","CBlock","Gable","VinylSd","Gtl"
206300,1309,4,1997,0,0,1998,"Other","Unf","PConc","Gable","VinylSd","Gtl"
315000,986,3,1998,66,0,1998,"2Story","Unf","PConc","Gable","VinylSd","Gtl"
139000,616,1,1956,44,0,1956,"1Story","Unf","CBlock","Gable","Wd Sdng","Gtl"
275000,1518,2,1989,0,80,1989,"SLvl","Unf","PConc","Gable","Wd Sdng","ModOrSev"
109008,288,1,1957,0,0,1957,"1Story","Unf","CBlock","Hip","MetalSd","Gtl"
195400,664,2,2007,54,105,2007,"1Story","Unf","PConc","Gable","VinylSd","Gtl"
175000,1005,2,1988,0,0,1988,"1Story","Unf","CBlock","Gable","HdBoard","Gtl"
85400,387,1,1971,0,0,1971,"2Story","Unf","CBlock","Gable","HdBoard","Gtl"
122500,471,2,1971,36,240,1971,"2Story","Unf","CBlock","Gable","HdBoard","Gtl"
212000,385,2,1996,61,158,1996,"2Story","Other","PConc","Gable","VinylSd","Gtl"
116000,0,2,1920,0,0,1950,"1.5Fin","Unf","BrkTil","Gable","Other","Gtl"
119000,0,1,1926,0,0,2004,"Other","Unf","PConc","Gable","Wd Sdng","Gtl"
90350,365,1,1913,0,0,2002,"1Story","Unf","PConc","Gable","Other","Gtl"
110000,0,2,1920,46,0,2000,"1.5Fin","Unf","BrkTil","Gable","Wd Sdng","Gtl"
555000,1767,3,2008,72,0,2008,"1Story","Other","PConc","Hip","VinylSd","Gtl"
162900,0,2,1930,0,0,1992,"1.5Fin","Unf","PConc","Gable","MetalSd","Gtl"
172500,0,3,2006,16,144,2007,"1Story","Unf","PConc","Gable","Other","Gtl"
127500,0,2,1956,0,0,1956,"1Story","Unf","CBlock","Hip","Wd Sdng","Gtl"
119500,0,1,1937,0,0,1950,"1.5Fin","Unf","BrkTil","Gable","MetalSd","Gtl"
120000,331,1,1948,176,0,2002,"1.5Fin","Unf","CBlock","Gable","MetalSd","Gtl"
110000,0,1,1930,113,0,2005,"1Story","Unf","BrkTil","Hip","Wd Sdng","Gtl"
280000,655,2,1975,54,200,1975,"1Story","Unf","CBlock","Gable","Plywood","ModOrSev"
204000,742,2,1996,122,144,1997,"2Story","Unf","PConc","Hip","VinylSd","Gtl"
210000,0,2,2008,30,0,2008,"2Story","Unf","PConc","Gable","VinylSd","Gtl"
188000,1606,2,1976,0,0,1976,"1Story","Unf","CBlock","Gable","Plywood","Gtl"
175500,916,2,1973,0,0,1973,"1Story","Unf","CBlock","Hip","HdBoard","Gtl"
98000,0,3,1916,0,0,1950,"2Story","Unf","BrkTil","Gable","Other","Gtl"
256000,1116,2,1954,137,224,1994,"1Story","Unf","CBlock","Other","Plywood","ModOrSev"
110000,185,1,1950,0,0,1950,"1.5Fin","Unf","CBlock","Gable","MetalSd","Gtl"
155000,350,2,1936,0,256,2007,"2Story","Other","PConc","Gable","Wd Sdng","Gtl"
62383,553,1,1965,0,0,1965,"1Story","Other","CBlock","Gable","MetalSd","Gtl"
188700,326,1,1934,0,0,1995,"2Story","Unf","CBlock","Hip","Other","ModOrSev"
167000,778,2,1970,0,0,1970,"1Story","Unf","CBlock","Other","Plywood","Gtl"
250000,0,3,2006,44,0,2006,"1Story","Unf","PConc","Gable","VinylSd","Gtl"
187000,426,2,1993,70,144,1993,"2Story","Unf","PConc","Gable","HdBoard","Gtl"
190000,0,2,1977,0,0,1977,"2Story","Unf","CBlock","Other","Other","Gtl"
148000,459,2,2005,28,0,2005,"SLvl","Unf","PConc","Gable","VinylSd","Gtl"
440000,1350,3,2006,63,250,2007,"1Story","Unf","PConc","Gable","VinylSd","Gtl"
251000,1196,2,2000,48,96,2000,"1Story","Unf","PConc","Gable","CemntBd","Gtl"
132500,630,2,1963,24,0,1963,"1Story","Unf","CBlock","Hip","HdBoard","Gtl"
208900,994,2,1997,39,140,1998,"1Story","Unf","PConc","Gable","VinylSd","ModOrSev"
89471,168,2,1937,72,0,2000,"1Story","Unf","BrkTil","Hip","Other","Gtl"
326000,1261,3,2004,112,519,2005,"1Story","Unf","PConc","Hip","VinylSd","Gtl"
374000,1567,3,2003,49,206,2004,"1Story","Unf","PConc","Hip","VinylSd","Gtl"
155000,299,1,1915,0,0,2005,"2Story","Unf","PConc","Gable","Other","Gtl"
147000,607,1,1950,80,0,2007,"1Story","Unf","CBlock","Gable","MetalSd","Gtl"
156000,836,2,1965,0,0,1965,"1Story","Unf","CBlock","Hip","MetalSd","Gtl"
175000,998,2,1971,0,224,1971,"1Story","Unf","CBlock","Gable","Plywood","Gtl"
160000,664,2,1900,0,142,1970,"1.5Fin","Unf","CBlock","Gable","Wd Sdng","Gtl"
86000,515,1,1970,0,0,2002,"Other","Unf","CBlock","Gable","CemntBd","Gtl"
115000,0,1,1976,24,141,1976,"2Story","Unf","PConc","Gable","CemntBd","Gtl"
133000,403,1,1941,0,0,1950,"1.5Fin","Other","CBlock","Gable","Wd Sdng","Gtl"
155000,374,1,1960,0,0,1960,"1Story","Other","CBlock","Gable","BrkFace","Gtl"
91300,0,1,1938,20,144,1996,"1Story","Unf","BrkTil","Gable","MetalSd","Gtl"
430000,1231,2,1992,75,264,1993,"1Story","Unf","PConc","Hip","BrkFace","Gtl"
184000,329,1,1925,100,0,1950,"1.5Fin","Unf","PConc","Gable","Wd Sdng","Gtl"
130000,450,1,1967,0,64,2004,"1Story","Unf","PConc","Hip","HdBoard","Gtl"
113000,356,1,1973,28,144,1973,"2Story","Unf","CBlock","Gable","HdBoard","Gtl"
226700,400,2,2005,108,0,2005,"2Story","Unf","PConc","Gable","VinylSd","Gtl"
289000,1247,2,1959,54,0,1997,"1Story","Unf","CBlock","Gable","BrkFace","Gtl"
147000,257,2,1974,0,260,1974,"2Story","Other","CBlock","Gable","Plywood","Gtl"
124500,0,2,1952,0,0,1952,"2Story","Unf","CBlock","Hip","Wd Sdng","Gtl"
215000,380,2,1993,81,182,1994,"2Story","Unf","PConc","Gable","VinylSd","Gtl"
208300,27,2,2009,102,0,2009,"1Story","Unf","PConc","Gable","VinylSd","Gtl"
161000,141,2,1928,0,0,2005,"2Story","Unf","BrkTil","Other","MetalSd","Gtl"
124500,991,1,1959,88,224,1959,"1Story","Unf","CBlock","Gable","MetalSd","Gtl"
164900,650,1,1951,42,324,2000,"1Story","Other","CBlock","Hip","Wd Sdng","Gtl"
402861,1436,3,2009,54,156,2009,"1Story","Unf","CBlock","Hip","CemntBd","Gtl"
158000,0,2,1972,104,0,1972,"SLvl","Unf","CBlock","Gable","HdBoard","Gtl"
265000,0,3,1996,0,220,1997,"2Story","Unf","PConc","Gable","VinylSd","Gtl"
211000,706,2,1998,36,0,1998,"2Story","Unf","PConc","Gable","VinylSd","Gtl"
234000,0,1,1926,0,0,2004,"2Story","Unf","BrkTil","Other","MetalSd","Gtl"
150000,777,1,1957,40,0,1957,"1Story","Unf","CBlock","Gable","VinylSd","Gtl"
184750,2260,3,2007,406,208,2008,"2Story","Unf","PConc","Hip","CemntBd","Gtl"
315750,719,3,1996,60,239,1997,"2Story","Unf","PConc","Gable","VinylSd","Gtl"
132000,377,1,1956,0,261,2000,"1Story","Unf","CBlock","Hip","Wd Sdng","Gtl"
446261,1330,3,2008,66,126,2008,"2Story","Unf","PConc","Hip","VinylSd","Gtl"
128000,0,2,1920,0,0,1999,"2Story","Unf","BrkTil","Gable","Wd Sdng","Gtl"
178000,0,2,2004,35,100,2004,"2Story","Unf","PConc","Gable","VinylSd","Gtl"
188000,0,2,1998,155,120,1999,"2Story","Unf","PConc","Gable","VinylSd","Gtl"
272000,1358,2,2001,0,180,2002,"1Story","Unf","PConc","Gable","VinylSd","Gtl"
315000,1260,3,2006,68,270,2006,"1Story","Unf","PConc","Hip","VinylSd","Gtl"
248000,0,3,2000,56,0,2000,"2Story","Unf","PConc","Gable","VinylSd","Gtl"
213250,144,2,1998,73,78,1999,"1Story","Other","PConc","Hip","VinylSd","Gtl"
133000,584,1,1998,40,120,1998,"Other","Other","PConc","Gable","MetalSd","Gtl"
229000,1002,3,1988,0,0,1988,"1.5Fin","Other","PConc","Gable","HdBoard","Gtl"
210000,300,2,1923,38,0,1950,"1.5Fin","Unf","BrkTil","Gable","BrkFace","Gtl"
129500,619,2,1970,0,104,1970,"Other","Unf","CBlock","Gable","VinylSd","Gtl"
125000,180,2,1955,50,140,1995,"1Story","Other","CBlock","Gable","MetalSd","Gtl"
263000,0,2,2003,182,182,2004,"2Story","Unf","PConc","Gable","VinylSd","Gtl"
112500,308,1,1957,0,0,1957,"1Story","Unf","CBlock","Hip","BrkFace","Gtl"
255500,0,3,2006,39,169,2006,"1Story","Unf","PConc","Gable","VinylSd","Gtl"
108000,0,2,1949,96,0,2003,"1Story","Other","CBlock","Gable","VinylSd","Gtl"
108000,637,1,1920,47,0,1950,"1.5Fin","Unf","CBlock","Gable","MetalSd","ModOrSev"
175000,604,2,1996,22,264,1997,"2Story","Unf","PConc","Gable","HdBoard","Gtl"
121500,1302,2,1957,0,0,1996,"1Story","Unf","CBlock","Hip","Wd Sdng","Gtl"
170000,1071,2,1974,38,240,1975,"1Story","Other","CBlock","Gable","HdBoard","ModOrSev"
268000,728,2,1992,40,0,2000,"2Story","Unf","PConc","Gable","HdBoard","Gtl"
128000,0,1,1915,66,0,1950,"2Story","Unf","PConc","Gable","Wd Sdng","Gtl"
325000,0,3,2005,39,144,2007,"2Story","Unf","PConc","Hip","VinylSd","Gtl"
214000,2,2,2004,0,0,2004,"1Story","Unf","PConc","Gable","VinylSd","Gtl"
316600,1441,2,1983,40,349,2009,"1.5Fin","Unf","CBlock","Gable","Wd Sdng","ModOrSev"
135960,943,2,1979,0,42,1979,"Other","Unf","CBlock","Gable","MetalSd","Gtl"
120000,414,1,1959,0,168,1959,"1Story","Unf","CBlock","Gable","Other","Gtl"
224500,0,2,2009,114,208,2009,"2Story","Unf","PConc","Gable","VinylSd","Gtl"
170000,0,2,2000,0,100,2000,"SLvl","Unf","PConc","Gable","VinylSd","Gtl"
139000,349,1,1971,0,35,2005,"SLvl","Unf","CBlock","Other","MetalSd","Gtl"
118500,442,1,1947,0,158,1950,"1.5Fin","Unf","CBlock","Gable","MetalSd","Gtl"
164500,328,2,1966,68,160,1966,"SLvl","Other","CBlock","Gable","VinylSd","Gtl"
146000,0,2,2007,102,0,2007,"2Story","Unf","PConc","Gable","VinylSd","Gtl"
131500,0,1,1954,0,0,1954,"1.5Fin","Unf","BrkTil","Gable","MetalSd","Gtl"
253293,0,3,2008,90,0,2009,"1Story","Unf","PConc","Hip","VinylSd","Gtl"
130000,210,1,1918,0,0,2000,"1Story","Other","BrkTil","Gable","Other","Gtl"
137000,672,2,1982,0,0,1982,"Other","Unf","CBlock","Hip","HdBoard","Gtl"
143000,1324,1,1968,48,0,2003,"1Story","Unf","CBlock","Other","Wd Sdng","ModOrSev"
451950,1338,3,2008,274,382,2008,"2Story","Unf","PConc","Gable","CemntBd","Gtl"
138000,816,2,1982,0,0,2003,"1Story","Unf","PConc","Gable","HdBoard","Gtl"
140000,685,2,2003,0,140,2003,"1Story","Unf","PConc","Gable","VinylSd","Gtl"
114504,0,1,1910,158,0,1993,"2Story","Unf","CBlock","Gable","VinylSd","Gtl"
275000,546,2,2005,60,179,2005,"2Story","Unf","PConc","Gable","VinylSd","Gtl"
141000,0,1,1937,162,0,1950,"1.5Fin","Unf","PConc","Gable","Wd Sdng","Gtl"
151000,0,2,2004,172,0,2005,"2Story","Unf","PConc","Gable","MetalSd","Gtl"
205000,454,2,1965,42,0,1990,"2Story","Unf","CBlock","Gable","HdBoard","Gtl"
152000,732,2,1996,0,168,1996,"1Story","Unf","PConc","Gable","VinylSd","ModOrSev"
359100,428,2,1934,0,0,1998,"2Story","Unf","PConc","Gable","BrkFace","ModOrSev"
148000,605,2,1978,0,0,1978,"SLvl","Unf","CBlock","Gable","HdBoard","Gtl"
261500,990,2,2001,122,160,2001,"2Story","Unf","PConc","Gable","VinylSd","Gtl"
137500,763,2,1963,0,120,1963,"Other","Unf","PConc","Gable","MetalSd","Gtl"
105500,0,2,1954,0,0,1954,"Other","Unf","CBlock","Gable","MetalSd","ModOrSev"
314813,48,3,2007,108,0,2007,"1Story","Unf","PConc","Hip","CemntBd","Gtl"
305000,871,3,2003,0,168,2003,"2Story","Unf","PConc","Hip","VinylSd","Gtl"
240000,956,2,1974,243,38,1997,"2Story","Other","CBlock","Gable","HdBoard","Gtl"
168500,420,2,2000,32,0,2000,"2Story","Unf","PConc","Gable","MetalSd","Gtl"
139900,0,1,1960,0,0,1978,"1Story","Unf","CBlock","Hip","Wd Sdng","Gtl"
135000,650,2,1969,0,335,1969,"2Story","Unf","PConc","Gable","Plywood","ModOrSev"
124000,0,1,1880,0,0,1991,"2Story","Unf","BrkTil","Gable","VinylSd","Gtl"
82500,822,2,1977,0,192,1977,"1Story","Unf","CBlock","Hip","Plywood","Gtl"
139400,480,1,1954,0,390,2005,"1Story","Other","CBlock","Gable","Wd Sdng","Gtl"
144000,1056,2,1980,56,264,1980,"Other","Unf","CBlock","Gable","Plywood","Gtl"
93000,0,1,1954,0,0,1954,"1.5Fin","Unf","CBlock","Gable","Wd Sdng","Gtl"
274000,1218,2,2003,140,185,2004,"1Story","Unf","PConc","Hip","MetalSd","Gtl"
226000,738,2,2001,235,0,2001,"2Story","Unf","PConc","Gable","VinylSd","Gtl"
345000,1410,2,1972,111,269,1995,"SLvl","Unf","CBlock","Gable","Plywood","Gtl"
370878,1121,3,2009,130,195,2009,"1Story","Unf","PConc","Gable","CemntBd","Gtl"
143250,282,2,1971,312,0,1971,"1Story","Other","CBlock","Hip","Plywood","Gtl"
98300,0,2,1950,27,0,1950,"1Story","Other","CBlock","Hip","MetalSd","Gtl"
155000,500,2,1953,0,0,1953,"1Story","Unf","CBlock","Hip","Wd Sdng","Gtl"
108000,0,1,1940,0,120,1950,"2Story","Unf","CBlock","Gable","MetalSd","Gtl"
135000,0,1,1906,0,57,1995,"1.5Fin","Unf","CBlock","Gable","MetalSd","Gtl"
350000,1696,3,1995,46,236,1995,"1Story","Unf","PConc","Hip","MetalSd","Gtl"
88000,0,1,1971,0,0,1971,"2Story","Unf","CBlock","Gable","HdBoard","Gtl"
145500,806,1,1959,0,0,2006,"1Story","Unf","CBlock","Gable","HdBoard","Gtl"
149000,0,1,1931,0,0,2000,"2Story","Unf","BrkTil","Gable","Other","ModOrSev"
97500,0,1,1948,0,192,1950,"1.5Fin","Unf","CBlock","Gable","VinylSd","Gtl"
167000,637,2,1964,0,0,1999,"1Story","Unf","PConc","Hip","MetalSd","Gtl"
402000,1361,3,1994,76,517,2005,"2Story","Other","PConc","Hip","VinylSd","Gtl"
137500,920,2,1972,0,0,1972,"Other","Other","CBlock","Gable","Plywood","Gtl"
423000,1721,3,2005,267,192,2006,"1Story","Unf","PConc","Gable","VinylSd","Gtl"
230500,0,2,2000,124,188,2000,"2Story","Unf","PConc","Gable","VinylSd","Gtl"
129000,187,2,1965,265,0,1979,"2Story","Other","CBlock","Other","Plywood","Gtl"
193500,1138,2,1994,42,224,1998,"1Story","Unf","PConc","Gable","HdBoard","Gtl"
168000,988,2,1956,0,304,1987,"1Story","Unf","CBlock","Gable","CemntBd","ModOrSev"
137500,0,1,1922,0,0,1950,"1Story","Unf","BrkTil","Gable","MetalSd","Gtl"
173500,193,2,2005,35,100,2005,"2Story","Unf","PConc","Gable","VinylSd","Gtl"
103600,551,1,1925,0,147,1950,"2Story","Unf","BrkTil","Other","Wd Sdng","Gtl"
165000,767,2,1977,42,198,1977,"1Story","Unf","CBlock","Gable","Plywood","Gtl"
140000,892,1,1965,0,426,1965,"1Story","Unf","CBlock","Gable","HdBoard","Gtl"
148500,311,2,1978,0,28,1978,"2Story","Unf","CBlock","Gable","Plywood","Gtl"
109500,0,1,1924,0,316,2006,"1Story","Unf","BrkTil","Gable","VinylSd","Gtl"
372500,0,3,2008,82,322,2008,"1Story","Unf","PConc","Hip","VinylSd","Gtl"
128500,827,2,1961,0,0,1961,"1Story","Unf","CBlock","Hip","Wd Sdng","Gtl"
159434,182,1,1932,0,0,2000,"1.5Fin","Unf","BrkTil","Gable","VinylSd","Gtl"
173000,1003,2,1996,0,307,1997,"1Story","Unf","PConc","Gable","Wd Sdng","Gtl"
227875,0,2,2007,105,144,2007,"2Story","Unf","PConc","Gable","VinylSd","Gtl"
148800,239,2,2004,60,0,2004,"2Story","Unf","PConc","Gable","MetalSd","Gtl"
392000,945,2,2007,0,140,2007,"1Story","Unf","PConc","Gable","MetalSd","Gtl"
755000,1455,3,1994,50,382,1995,"2Story","Unf","PConc","Gable","HdBoard","Gtl"
335000,965,2,1989,27,320,1990,"2Story","Unf","PConc","Hip","MetalSd","ModOrSev"
141500,0,2,1936,0,112,1950,"1.5Fin","Unf","BrkTil","Gable","Wd Sdng","Gtl"
176000,980,2,1987,0,125,1987,"1Story","Other","CBlock","Gable","HdBoard","Gtl"
138500,553,1,1965,144,416,2009,"1Story","Other","CBlock","Gable","MetalSd","Gtl"
196000,16,2,2004,158,156,2004,"1Story","Unf","PConc","Gable","MetalSd","Gtl"
361919,0,3,2006,100,324,2006,"2Story","Unf","PConc","Hip","VinylSd","Gtl"
140000,0,2,1900,0,344,1996,"2Story","Unf","BrkTil","Gable","Wd Sdng","Gtl"
213000,712,2,2004,35,0,2005,"1Story","Unf","PConc","Gable","VinylSd","Gtl"
302000,1219,2,1971,48,380,2002,"1Story","Unf","CBlock","Gable","Plywood","ModOrSev"
254000,863,2,2006,38,192,2006,"1Story","Unf","PConc","Hip","MetalSd","Gtl"
109900,0,1,1966,0,0,1966,"1Story","Unf","PConc","Gable","HdBoard","Gtl"
102776,0,1,1900,0,68,1950,"1.5Fin","Unf","Other","Gable","MetalSd","ModOrSev"
189000,767,2,1988,120,168,1989,"1Story","Unf","PConc","Gable","HdBoard","Gtl"
129000,789,2,1970,288,0,1970,"1Story","Unf","CBlock","Gable","HdBoard","Gtl"
130500,533,2,1976,44,0,2005,"2Story","Unf","CBlock","Gable","HdBoard","Gtl"
165000,0,2,1974,0,0,1974,"1Story","Unf","CBlock","Hip","HdBoard","Gtl"
159500,0,2,1890,48,0,1998,"2Story","Unf","BrkTil","Gable","Wd Sdng","Gtl"
157000,1084,2,1973,0,224,2000,"1Story","Unf","CBlock","Gable","HdBoard","Gtl"
341000,1173,3,1993,154,250,1994,"2Story","Unf","PConc","Hip","Wd Sdng","Gtl"
128500,523,1,1969,0,0,1969,"1Story","Unf","CBlock","Gable","HdBoard","Gtl"
143000,662,2,2004,0,160,2004,"1Story","Unf","PConc","Gable","VinylSd","Gtl"
124500,191,2,1970,0,0,1970,"1Story","Unf","CBlock","Gable","MetalSd","Gtl"
222000,808,2,1988,44,292,2007,"1Story","Unf","CBlock","Hip","Wd Sdng","Gtl"
103000,152,2,1925,23,0,1950,"1.5Fin","Unf","CBlock","Gable","MetalSd","Gtl"
236500,1180,2,1995,152,237,1996,"1Story","Unf","PConc","Gable","CemntBd","Gtl"
187500,786,2,2003,22,160,2003,"SLvl","Unf","PConc","Gable","VinylSd","Gtl"
222500,252,2,1998,84,192,1999,"2Story","Unf","PConc","Gable","VinylSd","Gtl"
131400,594,1,1961,0,165,1983,"1Story","Unf","CBlock","Hip","HdBoard","Gtl"
163000,390,2,1914,341,0,1970,"Other","Unf","BrkTil","Gable","Wd Sdng","Gtl"
93500,0,2,1950,0,0,1950,"1Story","Other","CBlock","Gable","Other","Gtl"
239900,0,3,2005,116,0,2005,"2Story","Unf","PConc","Gable","VinylSd","Gtl"
190000,0,2,2004,56,187,2004,"2Story","Unf","PConc","Gable","VinylSd","Gtl"
132000,0,2,1910,0,270,2002,"2Story","Unf","BrkTil","Gable","Wd Sdng","Gtl"
142000,832,1,1961,0,168,1996,"1Story","Unf","CBlock","Hip","HdBoard","Gtl"
179000,0,2,2000,55,120,2001,"1Story","Unf","PConc","Gable","VinylSd","Gtl"
180000,733,2,1993,0,96,1993,"1Story","Unf","PConc","Gable","HdBoard","Gtl"
299800,575,2,1976,204,0,1996,"2Story","Other","CBlock","Hip","VinylSd","Gtl"
236000,300,2,2000,54,224,2000,"2Story","Unf","PConc","Gable","VinylSd","Gtl"
265979,0,4,1880,0,181,2003,"2Story","Unf","Other","Other","Other","Gtl"
260400,919,2,1996,56,240,1996,"1Story","Unf","PConc","Hip","VinylSd","Gtl"
98000,0,1,1945,0,92,1950,"1.5Fin","Other","Other","Gable","Other","Gtl"
162000,0,2,2003,48,0,2003,"2Story","Unf","PConc","Gable","VinylSd","Gtl"
172500,381,2,1999,24,0,1999,"2Story","Unf","PConc","Gable","MetalSd","Gtl"
212000,20,2,2007,105,144,2007,"2Story","Unf","PConc","Gable","VinylSd","Gtl"
127500,612,1,1959,0,0,1959,"1Story","Unf","CBlock","Hip","Wd Sdng","Gtl"
1e+05,405,2,1924,0,0,1950,"1Story","Unf","PConc","Gable","Wd Sdng","Gtl"
337000,1163,3,1999,128,0,1999,"2Story","Unf","PConc","Gable","VinylSd","Gtl"
270000,437,2,1995,30,0,1996,"1Story","Other","PConc","Hip","BrkFace","Gtl"
264132,0,2,2008,174,0,2008,"1Story","Unf","PConc","Gable","VinylSd","Gtl"
196500,394,2,1988,66,228,1988,"2Story","Unf","CBlock","Gable","HdBoard","Gtl"
160000,660,1,1940,0,245,1985,"1.5Fin","Unf","CBlock","Gable","VinylSd","Gtl"
216837,24,2,2004,33,120,2005,"1Story","Unf","PConc","Hip","VinylSd","Gtl"
538000,1416,3,2003,36,503,2003,"2Story","Unf","PConc","Hip","CemntBd","ModOrSev"
134900,685,2,1982,0,120,1982,"Other","Unf","CBlock","Hip","Wd Sdng","Gtl"
102000,836,2,1951,0,0,1951,"1Story","Unf","CBlock","Gable","Wd Sdng","Gtl"
395000,0,3,2006,45,315,2006,"1Story","Unf","PConc","Hip","VinylSd","Gtl"
221500,20,3,2005,59,144,2006,"1Story","Unf","PConc","Gable","VinylSd","Gtl"
142500,762,2,1974,0,241,1974,"1Story","Unf","CBlock","Hip","HdBoard","Gtl"
135000,975,2,1977,0,0,1977,"Other","Unf","CBlock","Gable","Plywood","Gtl"
175900,387,2,1992,124,0,1992,"2Story","Unf","PConc","Gable","VinylSd","Gtl"
187100,0,2,2001,33,0,2002,"1Story","Unf","PConc","Gable","VinylSd","Gtl"
165500,1097,2,1978,30,303,1978,"Other","Unf","PConc","Gable","Plywood","Gtl"
161500,251,2,1967,0,0,1967,"1Story","Other","CBlock","Gable","BrkFace","Gtl"
139000,686,1,1915,0,0,1950,"1.5Fin","Unf","PConc","Gable","MetalSd","Gtl"
160200,16,2,2005,16,100,2006,"1Story","Unf","PConc","Gable","VinylSd","Gtl"
146800,539,2,1976,0,120,1976,"SLvl","Unf","PConc","Gable","HdBoard","Gtl"
269790,862,2,1996,130,180,1997,"2Story","Unf","PConc","Gable","MetalSd","Gtl"
225000,0,2,2007,130,168,2007,"1Story","Unf","PConc","Gable","CemntBd","Gtl"
143500,0,2,1977,0,138,1977,"1Story","Unf","CBlock","Gable","Plywood","Gtl"
485000,0,3,2008,78,144,2009,"2Story","Unf","PConc","Hip","VinylSd","Gtl"
2e+05,462,2,1997,114,403,1997,"2Story","Unf","PConc","Gable","VinylSd","ModOrSev"
109900,197,2,1916,0,0,1990,"1Story","Unf","CBlock","Gable","MetalSd","Gtl"
189000,648,2,2005,18,36,2005,"2Story","Unf","PConc","Gable","Other","Gtl"
118000,812,1,1954,0,0,1954,"1Story","Unf","CBlock","Gable","Wd Sdng","Gtl"
227680,0,2,2008,60,0,2008,"1Story","Unf","PConc","Gable","VinylSd","Gtl"
135500,400,1,1967,0,68,1967,"SLvl","Other","PConc","Gable","VinylSd","Gtl"
223500,1309,2,1923,312,0,2004,"2Story","Unf","CBlock","Gable","Wd Sdng","Gtl"
159950,516,2,1966,0,0,1966,"SLvl","Other","CBlock","Gable","VinylSd","Gtl"
106000,0,2,1898,156,40,1965,"Other","Unf","PConc","Hip","Other","Gtl"
181000,663,2,1974,0,265,1999,"1Story","Other","CBlock","Hip","HdBoard","Gtl"
144500,662,2,2004,0,140,2004,"1Story","Unf","PConc","Gable","VinylSd","Gtl"
55993,0,2,1952,0,0,1952,"1Story","Unf","CBlock","Hip","Wd Sdng","ModOrSev"
157900,608,1,1958,0,0,1958,"1Story","Unf","CBlock","Gable","MetalSd","Gtl"
116000,0,1,1918,0,207,1950,"1.5Fin","Unf","BrkTil","Gable","Other","Gtl"
271000,1218,3,2002,59,150,2002,"1Story","Unf","PConc","Hip","CemntBd","Gtl"
155000,504,2,1971,0,0,1971,"SLvl","Unf","CBlock","Gable","HdBoard","Gtl"
183000,0,2,2003,45,0,2003,"2Story","Unf","PConc","Gable","VinylSd","Gtl"
93000,0,2,1953,32,0,1953,"1Story","Unf","CBlock","Gable","MetalSd","ModOrSev"
139500,0,1,1940,0,335,1950,"1.5Fin","Unf","BrkTil","Gable","VinylSd","Gtl"
232600,0,2,2006,140,0,2006,"1Story","Unf","PConc","Gable","VinylSd","Gtl"
185000,249,2,1967,0,486,1967,"2Story","Other","PConc","Other","Plywood","ModOrSev"
147400,0,2,2005,166,0,2005,"2Story","Unf","PConc","Gable","MetalSd","Gtl"
166000,1040,2,1957,0,0,1957,"1Story","Unf","CBlock","Gable","HdBoard","Gtl"
237000,483,2,2003,39,192,2003,"2Story","Unf","PConc","Gable","VinylSd","Gtl"
153500,338,2,1948,116,0,1973,"1Story","Unf","BrkTil","Gable","VinylSd","Gtl"
1e+05,330,1,1973,0,0,1973,"2Story","Unf","CBlock","Gable","HdBoard","Gtl"
144000,0,1,1995,0,278,2006,"1Story","Unf","PConc","Gable","VinylSd","Gtl"
130500,352,1,1946,0,0,1995,"1.5Fin","Unf","CBlock","Gable","MetalSd","Gtl"
140000,156,1,1925,0,0,1950,"2Story","Unf","BrkTil","Gable","Wd Sdng","Gtl"
157500,0,2,1904,78,70,2002,"2Story","Unf","PConc","Gable","MetalSd","Gtl"
174900,312,2,1966,129,0,1966,"SLvl","Other","CBlock","Gable","HdBoard","Gtl"
171000,1390,2,1975,0,0,1981,"Other","Unf","CBlock","Gable","HdBoard","Gtl"
213000,513,2,1993,72,234,1993,"2Story","Unf","PConc","Gable","HdBoard","Gtl"
133500,460,1,1972,0,0,1972,"1Story","Unf","CBlock","Gable","HdBoard","Gtl"
240000,0,2,1908,40,486,1997,"1.5Fin","Unf","BrkTil","Gable","Wd Sdng","Gtl"
131500,659,2,2003,0,140,2003,"1Story","Unf","PConc","Gable","VinylSd","Gtl"
215000,0,2,2003,20,143,2003,"1Story","Unf","PConc","Gable","VinylSd","Gtl"
164000,364,1,1941,0,0,1950,"Other","Unf","CBlock","Gable","MetalSd","Gtl"
158000,564,2,1964,0,180,1964,"SLvl","Unf","CBlock","Gable","MetalSd","Gtl"
170000,306,2,1955,418,0,1974,"1Story","Other","CBlock","Hip","Wd Sdng","Gtl"
127000,659,1,1962,104,0,2010,"1Story","Unf","CBlock","Gable","HdBoard","Gtl"
147000,505,2,1978,0,0,1978,"SLvl","Other","CBlock","Gable","Plywood","ModOrSev"
152000,0,2,1976,0,0,1976,"1Story","Unf","CBlock","Gable","HdBoard","Gtl"
250000,619,2,1968,65,0,1984,"2Story","Unf","CBlock","Gable","HdBoard","Gtl"
189950,0,1,1918,240,0,1998,"1.5Fin","Unf","BrkTil","Gable","Wd Sdng","Gtl"
131500,841,2,1965,0,0,1965,"1Story","Unf","PConc","Hip","Plywood","Gtl"
132500,1148,1,1959,0,0,1959,"1Story","Unf","CBlock","Hip","BrkFace","Gtl"
250580,0,2,2007,140,0,2008,"1Story","Unf","PConc","Gable","VinylSd","Gtl"
248900,0,3,2006,80,192,2007,"1Story","Unf","PConc","Gable","VinylSd","Gtl"
129000,932,2,1961,0,168,1961,"1Story","Unf","CBlock","Gable","VinylSd","Gtl"
236000,750,2,1993,90,156,1994,"2Story","Unf","PConc","Gable","MetalSd","Gtl"
109500,0,1,1962,0,0,1962,"1Story","Unf","CBlock","Hip","MetalSd","Gtl"
200500,505,2,1998,77,0,1998,"2Story","Unf","PConc","Gable","VinylSd","Gtl"
116000,0,2,1953,0,196,1996,"1Story","Unf","Other","Gable","Other","Gtl"
133000,375,1,1949,28,0,1950,"1Story","Unf","CBlock","Gable","HdBoard","Gtl"
66500,0,1,1941,0,26,1950,"1.5Fin","Unf","CBlock","Gable","Wd Sdng","Gtl"
303477,64,2,2007,364,208,2007,"2Story","Unf","PConc","Gable","CemntBd","Gtl"
132250,633,2,1963,0,0,1963,"1Story","Unf","PConc","Gable","HdBoard","ModOrSev"
350000,1170,3,2004,0,184,2005,"2Story","Unf","PConc","Hip","VinylSd","Gtl"
148000,899,2,1961,0,192,1995,"Other","Unf","CBlock","Gable","HdBoard","Gtl"
136500,646,1,1978,0,0,2005,"1Story","Unf","CBlock","Gable","VinylSd","Gtl"
157000,980,2,2005,49,0,2006,"1Story","Unf","PConc","Gable","VinylSd","Gtl"
118500,0,1,1912,188,0,1950,"Other","Unf","PConc","Gable","Wd Sdng","Gtl"
328900,1238,2,1999,65,97,2000,"1Story","Unf","PConc","Gable","MetalSd","Gtl"
135500,0,1,1955,0,121,1955,"1.5Fin","Unf","PConc","Gable","MetalSd","Gtl"
268000,351,2,1970,207,81,1970,"1Story","Other","PConc","Other","Wd Sdng","ModOrSev"
122900,0,2,1949,0,0,2006,"1.5Fin","Unf","CBlock","Gable","MetalSd","Gtl"
172500,226,2,1978,0,243,1978,"2Story","Other","CBlock","Hip","HdBoard","Gtl"
140000,400,2,1963,50,0,1963,"2Story","Unf","CBlock","Hip","HdBoard","Gtl"
106500,285,1,1936,28,0,1950,"1Story","Unf","BrkTil","Gable","Wd Sdng","Gtl"
142953,0,2,1979,0,154,1979,"2Story","Other","Other","Gable","Plywood","Gtl"
611657,2188,3,2009,67,0,2010,"1Story","Unf","PConc","Hip","VinylSd","Gtl"
135000,465,1,1961,0,0,1994,"1Story","Unf","CBlock","Gable","HdBoard","Gtl"
110000,322,1,1971,0,0,1971,"1Story","Unf","CBlock","Gable","HdBoard","Gtl"
153000,860,1,1957,0,0,2000,"1Story","Unf","CBlock","Hip","MetalSd","Gtl"
180000,0,2,2003,75,0,2003,"2Story","Unf","PConc","Gable","VinylSd","Gtl"
240000,0,3,2006,60,144,2006,"1Story","Unf","PConc","Hip","VinylSd","Gtl"
125500,599,1,1967,0,0,1967,"1Story","Unf","CBlock","Gable","HdBoard","Gtl"
128000,354,1,1954,0,0,1954,"1Story","Other","CBlock","Gable","HdBoard","Gtl"
250000,223,1,1936,0,0,1987,"1.5Fin","Unf","CBlock","Gable","BrkFace","Gtl"
131000,301,2,1983,0,164,1983,"1Story","Other","CBlock","Gable","HdBoard","ModOrSev"
174000,0,2,2005,24,36,2005,"2Story","Unf","PConc","Gable","VinylSd","Gtl"
154300,443,2,1960,0,0,1960,"2Story","Unf","CBlock","Gable","MetalSd","Gtl"
143500,196,1,1977,0,173,1989,"1Story","Unf","CBlock","Gable","HdBoard","ModOrSev"
145000,284,3,1949,0,0,1950,"2Story","Unf","CBlock","Gable","MetalSd","Gtl"
135000,1059,1,1956,0,0,1956,"1Story","Unf","CBlock","Gable","VinylSd","Gtl"
238000,48,3,1991,192,72,1991,"2Story","Other","PConc","Gable","HdBoard","Gtl"
176500,528,2,1958,51,0,2002,"1Story","Other","CBlock","Hip","MetalSd","Gtl"
201000,814,2,1994,87,300,1994,"2Story","Unf","PConc","Gable","HdBoard","Gtl"
169990,28,2,2005,0,100,2006,"1Story","Unf","PConc","Gable","VinylSd","Gtl"
193000,165,2,1993,69,0,1994,"1Story","Other","PConc","Gable","Plywood","Gtl"
207500,625,2,1980,131,384,1980,"1Story","Other","CBlock","Gable","Plywood","Gtl"
285000,0,3,2003,100,104,2004,"2Story","Unf","PConc","Hip","VinylSd","Gtl"
236500,0,2,2001,151,202,2001,"1Story","Unf","PConc","Hip","VinylSd","Gtl"
222000,0,2,1997,0,0,1997,"2Story","Unf","PConc","Gable","HdBoard","Gtl"
201000,16,3,2007,18,100,2007,"1Story","Unf","PConc","Gable","VinylSd","Gtl"
117500,338,1,1965,0,0,1965,"1Story","Other","CBlock","Gable","VinylSd","Gtl"
320000,0,3,2006,191,0,2006,"1Story","Unf","PConc","Hip","VinylSd","Gtl"
190000,20,2,2004,36,192,2004,"1Story","Unf","PConc","Gable","VinylSd","Gtl"
253000,341,2,2005,48,0,2005,"2Story","Unf","PConc","Gable","VinylSd","Gtl"
239799,464,3,2006,90,0,2006,"2Story","Unf","PConc","Gable","VinylSd","Gtl"
244400,0,1,1940,0,56,1950,"2Story","Unf","CBlock","Gable","MetalSd","Gtl"
214000,772,2,1999,0,0,1999,"2Story","Unf","PConc","Gable","VinylSd","Gtl"
143000,0,2,1967,0,0,1967,"1Story","Unf","CBlock","Gable","HdBoard","Gtl"
124900,1088,2,1890,0,48,1996,"1.5Fin","Unf","BrkTil","Hip","VinylSd","Gtl"
143000,748,1,1959,0,86,1959,"SLvl","Other","CBlock","Gable","HdBoard","Gtl"
270000,1300,3,2002,252,0,2003,"1Story","Unf","PConc","Hip","VinylSd","Gtl"
129000,398,2,1950,0,194,2002,"1Story","Other","CBlock","Gable","VinylSd","Gtl"
119900,641,1,1965,0,421,1965,"1Story","Unf","CBlock","Gable","VinylSd","Gtl"
133900,660,1,1972,0,192,2003,"Other","Unf","CBlock","Gable","Other","Gtl"
172000,562,2,1969,189,305,1969,"2Story","Other","CBlock","Gable","HdBoard","ModOrSev"
145000,484,2,1946,0,0,1950,"2Story","Unf","CBlock","Gable","MetalSd","Gtl"
124000,285,2,1980,0,150,1980,"2Story","Unf","CBlock","Gable","MetalSd","Gtl"
132000,417,2,1962,0,0,1962,"1Story","Unf","CBlock","Hip","MetalSd","Gtl"
185000,699,2,2003,39,0,2003,"1Story","Unf","PConc","Gable","VinylSd","Gtl"
272000,896,2,1977,282,550,1995,"2Story","Unf","CBlock","Gable","HdBoard","Gtl"
155000,556,2,1976,0,48,1976,"2Story","Unf","CBlock","Gable","Plywood","Gtl"
239000,0,2,2007,136,288,2007,"1Story","Unf","PConc","Gable","VinylSd","Gtl"
214900,624,2,2002,40,0,2003,"2Story","Unf","PConc","Gable","VinylSd","Gtl"
160000,428,1,1940,70,0,1950,"1.5Fin","Unf","BrkTil","Gable","MetalSd","Gtl"
135000,902,1,1955,0,0,1955,"1Story","Unf","CBlock","Hip","Wd Sdng","Gtl"
140000,513,1,1958,0,0,1958,"SLvl","Unf","CBlock","Hip","HdBoard","Gtl"
165000,641,2,2000,50,153,2000,"2Story","Unf","PConc","Gable","MetalSd","Gtl"
110000,552,2,1954,0,0,1954,"1Story","Unf","CBlock","Gable","MetalSd","ModOrSev"
139000,651,2,1963,80,0,1963,"1Story","Unf","PConc","Gable","VinylSd","Gtl"
178400,867,2,1961,76,144,2007,"Other","Unf","CBlock","Gable","CemntBd","Gtl"
336000,854,3,1998,0,250,1999,"2Story","Unf","PConc","Hip","VinylSd","Gtl"
159895,0,2,2007,16,100,2007,"1Story","Unf","PConc","Gable","VinylSd","Gtl"
255900,0,2,2002,0,0,2002,"2Story","Unf","PConc","Gable","CemntBd","Gtl"
125000,1040,1,1950,48,0,1950,"1Story","Unf","CBlock","Gable","MetalSd","Gtl"
117000,0,1,1910,0,394,2003,"1.5Fin","Unf","CBlock","Hip","VinylSd","Gtl"
395192,1646,3,2009,95,168,2010,"1Story","Unf","PConc","Hip","VinylSd","Gtl"
348000,1074,3,1997,70,0,1998,"2Story","Unf","PConc","Gable","VinylSd","Gtl"
337500,1172,3,2006,48,216,2007,"1Story","Unf","PConc","Hip","CemntBd","Gtl"
121600,384,1,1946,57,0,1950,"1.5Fin","Unf","CBlock","Gable","MetalSd","ModOrSev"
136500,915,1,1961,319,0,1961,"1Story","Unf","CBlock","Hip","Wd Sdng","Gtl"
91000,0,1,1922,100,0,1950,"1Story","Unf","BrkTil","Hip","Wd Sdng","Gtl"
82000,0,2,1952,0,0,1952,"1Story","Other","Other","Other","Other","Gtl"
86000,0,1,1920,20,0,1950,"1Story","Unf","BrkTil","Gable","Wd Sdng","Gtl"
136905,0,2,1976,0,0,1976,"1Story","Unf","CBlock","Gable","VinylSd","Gtl"
149900,595,1,1977,0,210,1977,"SLvl","Unf","CBlock","Gable","HdBoard","Gtl"
163500,1237,2,1970,0,0,1970,"1Story","Unf","CBlock","Gable","Plywood","Gtl"
88000,273,1,1970,0,238,1970,"2Story","Other","CBlock","Gable","CemntBd","Gtl"
240000,0,2,2004,48,100,2005,"1Story","Unf","PConc","Hip","VinylSd","Gtl"
135000,0,1,1948,0,0,1950,"1.5Fin","Unf","CBlock","Gable","Wd Sdng","Gtl"
165000,0,1,1923,0,96,1996,"2Story","Unf","PConc","Hip","Wd Sdng","Gtl"
85000,247,1,1910,30,0,2006,"1Story","Other","BrkTil","Hip","MetalSd","Gtl"
119200,336,1,1948,130,0,1950,"1Story","Unf","CBlock","Gable","MetalSd","Gtl"
227000,643,2,2001,45,0,2001,"2Story","Unf","PConc","Gable","VinylSd","Gtl"
187500,1036,2,1984,0,63,1984,"1Story","Unf","CBlock","Gable","HdBoard","Gtl"
160000,0,2,1991,0,164,1992,"SLvl","Unf","PConc","Gable","HdBoard","Gtl"
176000,1024,2,2005,64,252,2005,"1Story","Unf","PConc","Gable","VinylSd","Gtl"
194000,684,2,2006,54,105,2006,"1Story","Unf","PConc","Gable","VinylSd","Gtl"
87000,324,1,1930,0,0,1950,"1.5Fin","Unf","CBlock","Gable","Wd Sdng","Gtl"
191000,16,2,2005,20,156,2006,"1Story","Unf","PConc","Gable","VinylSd","Gtl"
287000,1165,2,1976,72,0,1976,"1Story","Other","CBlock","Hip","Other","Gtl"
112500,138,2,1972,0,96,1972,"1Story","Other","CBlock","Gable","VinylSd","Gtl"
167500,697,2,1960,0,0,1960,"1Story","Unf","CBlock","Gable","MetalSd","Gtl"
293077,1513,3,2007,44,192,2008,"1Story","Unf","PConc","Gable","VinylSd","Gtl"
105000,368,1,1941,0,0,1950,"1.5Fin","Other","CBlock","Gable","Other","Gtl"
118000,317,1,1972,28,0,1972,"2Story","Unf","CBlock","Gable","HdBoard","Gtl"
197000,523,2,1920,63,136,1970,"Other","Unf","BrkTil","Gable","Wd Sdng","Gtl"
230000,986,3,2002,136,0,2002,"1Story","Unf","PConc","Gable","VinylSd","Gtl"
119750,0,1,1938,0,0,1950,"1Story","Unf","PConc","Gable","MetalSd","Gtl"
84000,0,1,1957,0,186,1957,"1Story","Other","Other","Gable","Wd Sdng","Gtl"
287000,0,2,2001,45,0,2002,"2Story","Unf","PConc","Gable","VinylSd","Gtl"
155000,168,2,1957,0,0,2000,"1Story","Other","CBlock","Gable","Wd Sdng","Gtl"
173000,400,2,1966,40,0,2000,"2Story","Other","CBlock","Hip","HdBoard","Gtl"
196000,900,2,2005,63,170,2005,"1Story","Unf","PConc","Gable","VinylSd","Gtl"
278000,1104,2,1981,120,474,1981,"1Story","Unf","PConc","Hip","BrkFace","Gtl"
139600,0,2,1955,0,0,1955,"1Story","Other","Other","Hip","BrkFace","Gtl"
556581,240,3,2005,108,214,2006,"2Story","Unf","PConc","Hip","CemntBd","Gtl"
145000,686,2,1994,0,0,1995,"1Story","Unf","PConc","Gable","VinylSd","Gtl"
115000,0,2,1960,0,0,2006,"1Story","Other","Other","Hip","HdBoard","Gtl"
84900,0,1,1946,0,0,2006,"1Story","Other","CBlock","Gable","MetalSd","Gtl"
200141,0,2,2007,20,0,2007,"1Story","Unf","PConc","Gable","VinylSd","Gtl"
165000,442,2,1964,52,0,1978,"2Story","Unf","CBlock","Gable","VinylSd","Gtl"
144500,383,1,1957,78,116,2002,"1Story","Unf","CBlock","Hip","HdBoard","ModOrSev"
255000,932,2,2002,60,199,2002,"2Story","Unf","PConc","Gable","VinylSd","Gtl"
180000,644,2,1976,0,0,1976,"1Story","Unf","CBlock","Gable","Plywood","Gtl"
185850,659,2,2005,36,192,2005,"1Story","Unf","PConc","Gable","VinylSd","Gtl"
248000,595,2,1994,98,168,1994,"2Story","Unf","PConc","Gable","HdBoard","Gtl"
335000,936,3,2008,102,0,2008,"2Story","Unf","PConc","Gable","VinylSd","Gtl"
220000,297,2,1932,0,0,1950,"1.5Fin","Other","CBlock","Gable","MetalSd","ModOrSev"
213500,616,2,2001,0,0,2001,"1Story","Unf","PConc","Gable","CemntBd","Gtl"
90000,0,2,1900,57,0,1950,"2Story","Unf","BrkTil","Gable","Wd Sdng","Gtl"
328000,1201,2,1996,44,296,1997,"2Story","Unf","PConc","Gable","Wd Sdng","ModOrSev"
167900,674,2,1964,128,328,1964,"2Story","Other","CBlock","Gable","HdBoard","ModOrSev"
151400,837,2,1973,20,728,1973,"2Story","Unf","CBlock","Gable","CemntBd","Gtl"
135000,220,2,1949,0,0,2003,"Other","Unf","CBlock","Gable","MetalSd","Gtl"
135000,586,1,1956,20,0,1956,"1Story","Unf","CBlock","Hip","MetalSd","Gtl"
154000,298,2,1968,0,0,1968,"2Story","Unf","CBlock","Gable","MetalSd","Gtl"
159500,535,2,1977,0,252,1977,"2Story","Unf","CBlock","Hip","HdBoard","Gtl"
194000,0,3,2006,93,140,2006,"1Story","Unf","PConc","Gable","VinylSd","Gtl"
219500,410,1,1940,0,0,1984,"2Story","Unf","CBlock","Gable","Wd Sdng","Gtl"
170000,626,2,1936,21,436,1989,"1.5Fin","Unf","CBlock","Gable","Wd Sdng","Gtl"
138800,75,1,1969,32,240,1969,"1Story","Other","CBlock","Gable","VinylSd","Gtl"
145000,656,2,1971,0,55,2004,"1Story","Unf","CBlock","Gable","VinylSd","Gtl"
133000,824,1,1963,0,0,1963,"1Story","Unf","CBlock","Gable","HdBoard","Gtl"
160000,553,1,1964,116,0,1964,"1Story","Unf","CBlock","Hip","HdBoard","Gtl"
187500,592,2,1995,44,315,1996,"2Story","Unf","PConc","Gable","HdBoard","Gtl"
147000,747,2,1992,0,120,1992,"Other","Unf","PConc","Gable","HdBoard","Gtl"
83500,334,1,1973,96,120,1973,"2Story","Unf","CBlock","Gable","CemntBd","Gtl"
252000,0,3,2005,50,160,2006,"2Story","Unf","PConc","Gable","VinylSd","Gtl"
137500,0,2,2004,40,0,2004,"2Story","Unf","PConc","Gable","VinylSd","Gtl"
92900,0,2,1950,0,0,1950,"1Story","Other","Other","Gable","BrkFace","Gtl"
160000,510,2,1999,48,0,2000,"2Story","Unf","PConc","Gable","MetalSd","Gtl"
136500,423,2,1925,0,342,1950,"1.5Fin","Unf","PConc","Gable","MetalSd","Gtl"
146000,661,2,1965,64,0,1998,"1Story","Unf","CBlock","Hip","MetalSd","Gtl"
129000,248,1,1956,0,0,2000,"1Story","Other","CBlock","Gable","MetalSd","Gtl"
170000,0,2,1986,74,0,1986,"1Story","Unf","CBlock","Gable","HdBoard","Gtl"
128000,672,1,1936,0,0,1950,"1.5Fin","Unf","BrkTil","Gable","MetalSd","Gtl"
60000,290,1,1920,0,0,1950,"1Story","Unf","CBlock","Gable","Wd Sdng","Gtl"
119500,412,1,1971,0,0,1971,"1Story","Other","CBlock","Gable","HdBoard","Gtl"
135000,588,1,1960,16,0,2002,"1Story","Unf","CBlock","Gable","Wd Sdng","Gtl"
325000,1032,2,1994,32,186,1995,"2Story","Unf","PConc","Gable","HdBoard","Gtl"
179900,738,2,1990,244,0,1991,"1Story","Unf","PConc","Hip","HdBoard","Gtl"
274725,0,2,2006,100,0,2006,"2Story","Unf","PConc","Gable","VinylSd","Gtl"
181000,0,2,2000,48,100,2000,"2Story","Unf","PConc","Gable","VinylSd","Gtl"
280000,1039,3,2004,185,125,2005,"1Story","Unf","PConc","Gable","MetalSd","Gtl"
188000,219,2,1995,84,224,1996,"2Story","Unf","PConc","Gable","HdBoard","Gtl"
205000,403,2,1976,69,0,1976,"2Story","Unf","CBlock","Hip","Plywood","Gtl"
129900,708,1,1957,0,0,1957,"1Story","Unf","CBlock","Gable","Other","Gtl"
134500,643,1,1953,18,0,2006,"1Story","Unf","CBlock","Gable","Wd Sdng","Gtl"
117000,415,1,1954,0,0,2000,"1Story","Unf","CBlock","Gable","MetalSd","Gtl"
184100,353,2,2002,0,120,2002,"SLvl","Unf","PConc","Hip","VinylSd","Gtl"
130000,702,2,1967,0,0,2003,"1Story","Unf","CBlock","Gable","VinylSd","Gtl"
140000,0,1,1958,34,280,1987,"SLvl","Unf","CBlock","Gable","MetalSd","Gtl"
133700,369,1,1959,0,140,1959,"1Story","Unf","CBlock","Gable","BrkFace","Gtl"
118400,0,1,1920,22,0,1950,"1Story","Unf","BrkTil","Gable","BrkFace","ModOrSev"
112000,0,1,1956,0,64,1956,"1Story","Unf","CBlock","Gable","Other","Gtl"
163900,0,2,1992,25,100,1992,"SLvl","Unf","PConc","Gable","HdBoard","Gtl"
115000,0,2,1955,0,0,1955,"1Story","Unf","CBlock","Gable","Plywood","Gtl"
174000,0,3,2007,20,143,2007,"1Story","Unf","PConc","Hip","VinylSd","Gtl"
259000,1300,3,2004,36,144,2004,"1Story","Unf","PConc","Hip","VinylSd","Gtl"
140000,936,2,1980,0,49,1980,"Other","Unf","CBlock","Gable","MetalSd","Gtl"
135000,622,2,1928,44,431,1950,"1.5Fin","Unf","BrkTil","Gable","Other","Gtl"
117500,0,1,1880,48,0,1950,"2Story","Unf","BrkTil","Gable","Wd Sdng","Gtl"
239500,584,2,1995,155,0,1995,"2Story","Unf","PConc","Gable","VinylSd","Gtl"
169000,0,2,1997,38,100,1997,"2Story","Unf","PConc","Gable","VinylSd","Gtl"
102000,0,1,1926,128,0,1950,"1Story","Unf","BrkTil","Gable","Wd Sdng","Gtl"
119000,280,1,1950,0,0,1950,"1.5Fin","Unf","CBlock","Gable","VinylSd","Gtl"
144000,645,2,1920,0,0,1950,"1Story","Unf","BrkTil","Gable","Other","Gtl"
139000,852,2,1951,0,0,1951,"1Story","Unf","CBlock","Gable","HdBoard","Gtl"
424870,1150,3,2006,144,125,2007,"2Story","Unf","PConc","Hip","VinylSd","Gtl"
80000,348,1,1941,0,0,1950,"1.5Fin","Unf","BrkTil","Gable","MetalSd","Gtl"
149000,0,1,1928,0,0,1950,"1.5Fin","Unf","BrkTil","Gable","MetalSd","Gtl"
180000,1258,2,1985,26,165,1985,"1Story","Unf","CBlock","Gable","Wd Sdng","Gtl"
174500,275,1,1941,0,0,1950,"2Story","Unf","CBlock","Gable","MetalSd","Gtl"
143000,624,2,1920,0,0,1988,"2Story","Unf","PConc","Hip","VinylSd","Gtl"
230000,296,2,1956,0,0,2004,"1Story","Other","PConc","Gable","Other","Gtl"
120500,538,1,1930,0,0,2007,"1Story","Unf","BrkTil","Gable","Wd Sdng","Gtl"
201800,454,2,1965,84,60,1988,"2Story","Unf","CBlock","Gable","VinylSd","Gtl"
218000,1157,2,1976,21,0,2004,"1Story","Unf","CBlock","Gable","Plywood","Gtl"
230000,904,2,2007,62,172,2008,"1Story","Unf","PConc","Gable","VinylSd","Gtl"
235128,0,3,2007,24,0,2008,"1Story","Unf","PConc","Gable","VinylSd","Gtl"
146000,311,2,1978,0,26,1978,"2Story","Unf","CBlock","Gable","Plywood","Gtl"
224000,728,2,1954,0,108,2006,"1Story","Unf","CBlock","Hip","HdBoard","Gtl"
129000,492,2,1968,0,0,1968,"1Story","Unf","CBlock","Gable","VinylSd","Gtl"
108959,1198,2,1969,0,120,1969,"Other","Unf","CBlock","Gable","Plywood","Gtl"
194000,680,2,1978,180,168,1978,"SLvl","Other","PConc","Gable","Plywood","Gtl"
245350,0,3,2008,33,160,2008,"1Story","Unf","PConc","Gable","VinylSd","Gtl"
173000,786,2,2000,38,0,2000,"2Story","Unf","PConc","Gable","VinylSd","Gtl"
625000,1387,3,1995,76,361,1996,"2Story","Unf","PConc","Hip","HdBoard","Gtl"
171000,522,1,1977,0,203,1977,"SLvl","Unf","CBlock","Gable","Plywood","Gtl"
163000,662,2,1958,0,0,1958,"1Story","Unf","CBlock","Hip","MetalSd","Gtl"
171900,0,2,2006,54,0,2007,"2Story","Unf","PConc","Gable","MetalSd","Gtl"
239000,503,2,1932,0,0,1950,"2Story","Unf","BrkTil","Gable","Wd Sdng","Gtl"
285000,700,2,1992,33,0,2000,"1.5Fin","Unf","PConc","Hip","HdBoard","Gtl"
119500,658,1,1984,0,362,1985,"1Story","Unf","CBlock","Gable","HdBoard","Gtl"
115000,468,1,1926,0,0,2004,"1.5Fin","Unf","CBlock","Gable","MetalSd","Gtl"
250000,1216,2,1990,0,0,1991,"2Story","Unf","Other","Gable","MetalSd","Gtl"
745000,2096,3,1996,78,171,1996,"2Story","Unf","PConc","Hip","Wd Sdng","Gtl"
120000,821,2,1920,0,229,1950,"1Story","Unf","BrkTil","Hip","Other","Gtl"
186700,1159,3,1963,263,0,1963,"1Story","Unf","CBlock","Hip","MetalSd","ModOrSev"
95000,440,2,1900,74,0,1970,"2Story","Unf","CBlock","Gable","HdBoard","ModOrSev"
262000,1456,3,1994,114,0,1995,"1Story","Unf","PConc","Gable","Other","Gtl"
195000,0,2,2002,68,144,2002,"2Story","Unf","PConc","Gable","VinylSd","Gtl"
168000,1159,4,1961,0,439,1975,"1Story","Unf","CBlock","Gable","MetalSd","ModOrSev"
174000,0,2,1999,0,206,2000,"2Story","Unf","PConc","Gable","MetalSd","Gtl"
165000,883,2,1999,304,0,1999,"1Story","Unf","PConc","Hip","VinylSd","Gtl"
158000,371,1,1969,36,379,1969,"2Story","Unf","CBlock","Gable","HdBoard","Gtl"
176000,0,2,2005,24,100,2005,"2Story","Unf","PConc","Gable","VinylSd","Gtl"
178000,0,2,2001,0,356,2001,"1Story","Unf","PConc","Gable","VinylSd","Gtl"
148000,547,2,1963,82,0,1979,"1Story","Unf","CBlock","Gable","HdBoard","Gtl"
117000,0,1,1925,0,0,1997,"1.5Fin","Unf","BrkTil","Gable","Wd Sdng","Gtl"
213000,0,2,2000,234,74,2001,"1Story","Unf","PConc","Gable","VinylSd","Gtl"
153500,788,2,1975,88,0,1975,"1Story","Unf","CBlock","Gable","HdBoard","Gtl"
271900,485,3,1990,70,84,1991,"1Story","Other","CBlock","Hip","HdBoard","Gtl"
140000,504,2,1962,0,0,1980,"1Story","Other","CBlock","Gable","MetalSd","Gtl"
189000,0,2,1992,104,635,1992,"2Story","Unf","PConc","Gable","Wd Sdng","Gtl"
164000,427,2,1988,12,325,2005,"1.5Fin","Unf","Other","Gable","Wd Sdng","ModOrSev"
113000,344,1,1941,113,0,1950,"1Story","Unf","CBlock","Hip","MetalSd","Gtl"
145000,648,1,1965,0,88,2001,"SLvl","Unf","CBlock","Gable","VinylSd","Gtl"
125000,180,1,1966,0,0,1966,"1Story","Other","CBlock","Gable","VinylSd","Gtl"
112000,0,2,1978,0,0,1978,"1.5Fin","Other","Other","Gable","VinylSd","Gtl"
229456,936,2,2009,112,135,2009,"1Story","Unf","PConc","Gable","CemntBd","Gtl"
115000,312,1,1964,0,0,1964,"1Story","Other","CBlock","Gable","Wd Sdng","Gtl"
134000,250,1,1968,63,0,1968,"1Story","Other","CBlock","Hip","HdBoard","Gtl"
143000,196,1,1949,0,0,1950,"1.5Fin","Unf","CBlock","Gable","Wd Sdng","Gtl"
184000,724,2,2004,75,100,2005,"2Story","Unf","PConc","Gable","VinylSd","Gtl"
214000,0,3,2007,18,100,2007,"2Story","Unf","PConc","Gable","VinylSd","Gtl"
127000,666,1,1960,0,0,1960,"SLvl","Unf","CBlock","Hip","BrkFace","Gtl"
101800,0,2,1962,0,0,1962,"1Story","Other","Other","Gable","HdBoard","Gtl"
138887,0,1,1914,40,203,1950,"2Story","Unf","BrkTil","Gable","Wd Sdng","Gtl"
175500,0,2,2003,27,0,2003,"2Story","Unf","PConc","Gable","VinylSd","Gtl"
195000,0,2,2004,48,100,2005,"2Story","Unf","PConc","Gable","VinylSd","Gtl"
142500,0,2,2005,0,0,2005,"1Story","Unf","PConc","Gable","VinylSd","Gtl"
224900,550,2,2003,63,0,2003,"2Story","Unf","PConc","Gable","VinylSd","Gtl"
170000,885,2,1974,120,0,1974,"Other","Other","CBlock","Gable","Plywood","Gtl"
230000,0,2,1929,0,0,1950,"2Story","Unf","PConc","Gable","BrkFace","ModOrSev"
169900,539,3,1976,0,0,1976,"SLvl","Unf","CBlock","Gable","HdBoard","Gtl"
129500,319,2,1917,0,0,1950,"Other","Unf","BrkTil","Gable","Other","Gtl"
119000,534,1,1950,80,0,1950,"1Story","Other","CBlock","Gable","MetalSd","Gtl"
244000,1065,2,1968,0,0,1968,"1Story","Unf","CBlock","Hip","BrkFace","Gtl"
171750,0,2,2003,36,148,2003,"1Story","Unf","PConc","Gable","VinylSd","Gtl"
130000,510,1,1968,0,33,1968,"1Story","Unf","CBlock","Gable","HdBoard","Gtl"
294000,125,2,1974,47,220,2003,"2Story","Other","CBlock","Gable","Wd Sdng","Gtl"
165400,0,2,2003,128,178,2004,"2Story","Unf","PConc","Gable","VinylSd","Gtl"
301500,1314,2,1994,36,262,1994,"1Story","Unf","PConc","Hip","HdBoard","Gtl"
190000,655,2,2005,0,212,2005,"SLvl","Unf","PConc","Gable","VinylSd","Gtl"
151000,602,2,1969,0,180,1969,"1Story","Other","CBlock","Gable","HdBoard","Gtl"
181000,0,2,1999,103,0,1999,"2Story","Unf","PConc","Gable","VinylSd","Gtl"
128900,504,1,1956,0,0,1956,"1Story","Unf","CBlock","Hip","MetalSd","Gtl"
181000,266,2,1998,68,144,1999,"1Story","Unf","PConc","Gable","MetalSd","Gtl"
378500,0,3,2008,76,144,2009,"1Story","Unf","PConc","Hip","Other","Gtl"
381000,192,3,1935,12,314,1997,"1.5Fin","Unf","CBlock","Gable","Other","ModOrSev"
144000,460,1,1958,0,0,1958,"1.5Fin","Unf","CBlock","Gable","MetalSd","Gtl"
260000,1258,2,1979,0,268,1979,"1Story","Unf","PConc","Other","Plywood","ModOrSev"
185750,0,2,1968,0,0,1968,"1Story","Unf","CBlock","Hip","BrkFace","Gtl"
177000,719,1,1959,0,0,2006,"SLvl","Unf","CBlock","Gable","Plywood","Gtl"
139000,0,2,1910,0,242,2003,"1.5Fin","Unf","PConc","Gable","Wd Sdng","Gtl"
137000,220,2,1948,0,0,1950,"2Story","Unf","CBlock","Gable","Other","Gtl"
197900,528,2,1967,0,0,1976,"SLvl","Unf","CBlock","Gable","HdBoard","Gtl"
68400,0,2,1920,0,30,1950,"1.5Fin","Unf","CBlock","Gable","MetalSd","Gtl"
227000,788,2,2002,72,0,2002,"1Story","Unf","PConc","Gable","VinylSd","Gtl"
180000,1053,2,1990,58,0,1990,"1Story","Unf","CBlock","Hip","HdBoard","Gtl"
150500,532,2,1977,0,0,2008,"1Story","Other","CBlock","Gable","HdBoard","Gtl"
132500,0,1,1939,0,45,1950,"1.5Fin","Unf","CBlock","Gable","MetalSd","Gtl"
143000,569,2,1963,26,0,1963,"1Story","Other","CBlock","Hip","HdBoard","Gtl"
190000,812,2,1964,198,168,1964,"1Story","Unf","CBlock","Gable","Wd Sdng","ModOrSev"
278000,1158,2,2000,59,212,2000,"1Story","Unf","PConc","Gable","CemntBd","Gtl"
281000,0,3,2006,74,177,2006,"2Story","Unf","PConc","Gable","VinylSd","Gtl"
119500,231,1,1972,0,185,1972,"2Story","Unf","CBlock","Gable","CemntBd","Gtl"
107500,0,1,1892,287,0,1965,"2Story","Unf","Other","Gable","Wd Sdng","Gtl"
162900,194,2,1976,28,0,1976,"2Story","Unf","PConc","Gable","HdBoard","Gtl"
138500,1016,1,1968,0,356,1968,"1Story","Unf","CBlock","Hip","HdBoard","Gtl"
140000,547,2,2005,44,0,2006,"Other","Unf","PConc","Gable","VinylSd","Gtl"
160000,5644,2,2008,292,214,2008,"2Story","Unf","PConc","Hip","Other","Gtl"
225000,694,2,1999,0,0,1999,"2Story","Unf","PConc","Gable","VinylSd","Gtl"
130000,0,2,2004,40,0,2004,"2Story","Unf","PConc","Gable","VinylSd","Gtl"
138000,746,2,1994,64,0,1995,"1Story","Unf","PConc","Gable","VinylSd","Gtl"
179200,1200,2,1991,51,112,1991,"1Story","Unf","CBlock","Gable","HdBoard","Gtl"
203000,925,2,2005,98,264,2007,"1Story","Unf","PConc","Gable","VinylSd","Gtl"
333168,0,3,1999,30,668,1999,"2Story","Unf","PConc","Gable","VinylSd","Gtl"
206900,500,2,1969,0,280,1969,"2Story","Other","CBlock","Gable","HdBoard","Gtl"
295493,0,3,2008,42,172,2008,"1Story","Unf","PConc","Gable","VinylSd","Gtl"
208900,0,2,2006,241,0,2007,"1Story","Unf","PConc","Gable","VinylSd","Gtl"
275000,0,3,2001,150,198,2002,"1Story","Unf","PConc","Hip","VinylSd","Gtl"
111000,492,1,1954,0,0,1954,"1Story","Unf","PConc","Hip","Wd Sdng","Gtl"
72500,0,1,1949,0,0,1950,"1Story","Other","CBlock","Hip","VinylSd","Gtl"
190000,674,2,1992,39,240,1992,"2Story","Unf","PConc","Gable","HdBoard","Gtl"
147000,0,3,2006,49,0,2007,"1Story","Unf","PConc","Gable","VinylSd","Gtl"
130500,641,1,1982,0,0,2008,"1Story","Unf","CBlock","Gable","VinylSd","Gtl"
256000,493,2,1920,547,0,1950,"1.5Fin","Unf","BrkTil","Gable","BrkFace","Gtl"
176500,0,2,1998,28,0,1998,"2Story","Unf","PConc","Hip","VinylSd","Gtl"
227000,0,3,2006,45,144,2006,"1Story","Unf","PConc","Hip","VinylSd","Gtl"
132500,483,2,1976,0,0,1976,"SLvl","Unf","CBlock","Gable","MetalSd","Gtl"
1e+05,690,1,1938,0,0,1958,"1Story","Unf","CBlock","Gable","MetalSd","ModOrSev"
125500,0,1,1938,65,0,1995,"1.5Fin","Unf","CBlock","Gable","Wd Sdng","Gtl"
125000,765,2,1970,36,0,1970,"2Story","Unf","CBlock","Gable","HdBoard","Gtl"
167900,686,2,1977,16,0,1977,"1Story","Unf","CBlock","Gable","Plywood","Gtl"
135000,0,2,1973,211,0,1973,"1Story","Unf","CBlock","Gable","Plywood","Gtl"
2e+05,700,2,2002,91,146,2002,"2Story","Unf","PConc","Gable","VinylSd","Gtl"
128500,360,1,1972,0,0,1972,"1Story","Unf","CBlock","Hip","MetalSd","Gtl"
123000,0,4,1971,0,0,1971,"1Story","Unf","CBlock","Gable","MetalSd","Gtl"
177000,0,2,1928,0,0,1950,"1.5Fin","Unf","BrkTil","Gable","BrkFace","Gtl"
155835,0,2,2006,0,0,2006,"2Story","Unf","PConc","Gable","VinylSd","Gtl"
262500,297,2,1968,80,0,2003,"1Story","Other","CBlock","Hip","BrkFace","Gtl"
283463,80,3,2006,0,0,2007,"1Story","Unf","PConc","Gable","VinylSd","Gtl"
2e+05,500,4,1969,0,0,1969,"2Story","Unf","CBlock","Gable","MetalSd","Gtl"
171000,319,2,1962,84,0,1962,"2Story","Unf","CBlock","Gable","HdBoard","Gtl"
134900,0,2,1937,0,210,2000,"1.5Fin","Unf","BrkTil","Gable","MetalSd","Gtl"
410000,816,3,1995,86,283,1996,"1.5Fin","Unf","PConc","Hip","VinylSd","Gtl"
110000,340,1,1966,0,0,1966,"1Story","Unf","CBlock","Gable","HdBoard","Gtl"
260000,1274,2,2005,36,168,2005,"1Story","Unf","PConc","Hip","VinylSd","ModOrSev"
104900,0,1,1920,0,55,2007,"1.5Fin","Unf","BrkTil","Gable","VinylSd","Gtl"
156932,0,2,2006,36,0,2007,"2Story","Unf","PConc","Gable","VinylSd","Gtl"
232000,370,2,2003,262,0,2003,"1Story","Other","PConc","Hip","VinylSd","Gtl"
105000,315,1,1920,0,0,1950,"1.5Fin","Other","PConc","Gable","Other","Gtl"
165500,831,1,1955,28,0,1996,"SLvl","Unf","CBlock","Hip","Other","Gtl"
466500,1282,3,2001,140,314,2002,"1Story","Unf","PConc","Hip","VinylSd","Gtl"
250000,0,3,2005,210,154,2005,"2Story","Unf","PConc","Gable","CemntBd","Gtl"
239000,0,3,2007,36,100,2007,"1Story","Unf","PConc","Gable","VinylSd","Gtl"
91000,384,1,1930,141,0,1950,"1Story","Unf","BrkTil","Gable","Wd Sdng","Gtl"
117000,408,2,1941,68,0,1960,"1.5Fin","Other","CBlock","Gable","Wd Sdng","Gtl"
83000,309,1,1973,0,72,1973,"2Story","Unf","CBlock","Gable","HdBoard","Gtl"
167500,0,2,2006,0,100,2007,"SLvl","Unf","PConc","Gable","VinylSd","Gtl"
237500,865,2,1970,42,0,1970,"1Story","Unf","CBlock","Gable","BrkFace","Gtl"
157000,0,2,1920,0,36,1950,"2Story","Unf","BrkTil","Hip","Wd Sdng","Gtl"
112000,0,2,1918,0,0,2007,"1Story","Unf","BrkTil","Gable","Wd Sdng","Gtl"
105000,204,1,1939,0,0,1950,"1.5Fin","Unf","BrkTil","Gable","Other","Gtl"
125500,735,1,1922,96,0,2007,"1.5Fin","Unf","BrkTil","Gable","VinylSd","Gtl"
250000,790,2,1978,112,0,1978,"2Story","Other","CBlock","Gable","Plywood","Gtl"
136000,168,1,1916,15,88,1950,"1.5Fin","Other","BrkTil","Gable","Other","Gtl"
377500,1320,3,2006,39,201,2007,"1Story","Unf","PConc","Gable","VinylSd","Gtl"
131000,375,2,1941,0,0,1950,"1.5Fin","Unf","BrkTil","Gable","Wd Sdng","Gtl"
235000,1400,2,2000,36,219,2000,"1Story","Unf","PConc","Gable","VinylSd","Gtl"
124000,0,3,1967,152,0,1967,"1Story","Unf","CBlock","Gable","Plywood","Gtl"
163000,0,2,1905,25,0,2000,"1.5Fin","Unf","BrkTil","Gable","Wd Sdng","Gtl"
246578,1070,3,2006,20,161,2006,"1Story","Unf","PConc","Hip","VinylSd","Gtl"
281213,0,3,2005,39,144,2006,"2Story","Unf","PConc","Hip","VinylSd","Gtl"
137500,0,1,1920,0,24,2004,"2Story","Unf","BrkTil","Gable","MetalSd","Gtl"
137450,264,1,1925,16,147,1990,"1.5Fin","Unf","BrkTil","Gable","Other","Gtl"
193000,759,2,2004,75,100,2004,"2Story","Unf","PConc","Gable","VinylSd","Gtl"
282922,929,3,2007,160,168,2007,"1Story","Unf","PConc","Gable","VinylSd","Gtl"
105000,0,3,1915,0,216,1950,"1.5Fin","Unf","PConc","Gable","Wd Sdng","Gtl"
275000,1373,2,2004,53,128,2005,"1Story","Unf","PConc","Hip","CemntBd","ModOrSev"
133000,656,2,1972,0,58,2007,"Other","Unf","CBlock","Gable","HdBoard","Gtl"
215000,0,2,1986,63,364,1991,"2Story","Unf","CBlock","Gable","Plywood","Gtl"
230000,666,2,2001,45,0,2001,"2Story","Unf","PConc","Gable","VinylSd","Gtl"
140000,120,1,1950,0,0,2005,"1.5Fin","Unf","CBlock","Gable","VinylSd","Gtl"
90000,0,2,1949,0,0,1950,"1Story","Other","Other","Gable","BrkFace","Gtl"
257000,976,2,2005,44,165,2006,"1Story","Unf","PConc","Gable","VinylSd","Gtl"
207000,0,2,1923,0,0,2000,"1.5Fin","Unf","BrkTil","Other","Wd Sdng","Gtl"
122500,0,2,1885,0,0,1950,"2Story","Unf","PConc","Gable","VinylSd","Gtl"
340000,781,3,1998,126,0,1998,"2Story","Unf","PConc","Gable","VinylSd","Gtl"
124000,25,1,1963,88,0,1963,"1Story","Other","CBlock","Gable","HdBoard","Gtl"
223000,1110,2,1969,73,0,1969,"1Story","Unf","CBlock","Gable","Plywood","Gtl"
179900,404,2,1968,169,0,1968,"2Story","Unf","CBlock","Gable","HdBoard","Gtl"
127500,360,2,1977,55,0,1977,"1Story","Unf","CBlock","Gable","Plywood","Gtl"
144000,457,1,1958,28,316,1983,"1Story","Other","CBlock","Hip","HdBoard","Gtl"
142000,0,2,1959,39,0,1959,"1Story","Unf","CBlock","Hip","HdBoard","Gtl"
271000,1000,2,1994,132,171,1994,"2Story","Unf","PConc","Gable","VinylSd","Gtl"
140000,580,1,1945,0,0,1950,"1.5Fin","Unf","CBlock","Gable","MetalSd","Gtl"
192140,0,2,2005,40,100,2005,"2Story","Unf","PConc","Gable","VinylSd","Gtl"
143750,958,2,1976,60,0,1976,"1Story","Unf","CBlock","Gable","Plywood","Gtl"
186500,0,2,2000,0,0,2000,"2Story","Unf","PConc","Gable","VinylSd","Gtl"
160000,936,2,1977,41,295,1977,"1Story","Unf","CBlock","Gable","BrkFace","ModOrSev"
120500,616,2,1971,0,0,1971,"1Story","Unf","PConc","Gable","HdBoard","Gtl"
394617,1336,3,2008,66,0,2008,"1Story","Unf","PConc","Hip","VinylSd","Gtl"
149700,600,2,1957,158,0,1996,"1Story","Unf","CBlock","Gable","MetalSd","Gtl"
197000,315,2,1979,88,0,1979,"SLvl","Other","CBlock","Hip","HdBoard","Gtl"
191000,0,2,1922,0,431,1994,"Other","Unf","BrkTil","Gable","MetalSd","ModOrSev"
149300,697,2,2004,0,149,2004,"1Story","Unf","PConc","Gable","VinylSd","Gtl"
310000,765,3,2008,52,168,2008,"2Story","Unf","PConc","Gable","VinylSd","Gtl"
121000,0,1,1916,98,0,1950,"Other","Unf","BrkTil","Gable","Wd Sdng","Gtl"
179600,0,2,2004,60,192,2004,"1Story","Unf","PConc","Gable","VinylSd","Gtl"
129000,187,1,1966,0,0,1966,"Other","Other","CBlock","Gable","VinylSd","Gtl"
157900,593,1,1962,39,261,1962,"1Story","Unf","CBlock","Gable","HdBoard","Gtl"
240000,1079,2,1995,65,0,1996,"2Story","Unf","PConc","Gable","VinylSd","Gtl"
112000,0,1,1910,24,168,2000,"2Story","Unf","CBlock","Gable","MetalSd","Gtl"
287090,0,3,2008,36,0,2009,"1Story","Unf","PConc","Gable","CemntBd","Gtl"
145000,547,2,2005,28,0,2005,"SLvl","Unf","PConc","Gable","VinylSd","Gtl"
185000,410,2,2004,113,0,2005,"1Story","Unf","PConc","Gable","VinylSd","Gtl"
175000,0,2,1999,40,0,2000,"2Story","Unf","PConc","Gable","VinylSd","Gtl"
266500,275,1,1941,60,0,2006,"2Story","Unf","Other","Gable","CemntBd","Gtl"
147500,830,1,1965,68,736,1965,"1Story","Other","CBlock","Gable","HdBoard","Gtl"
